{
  "x": {
    "x[2,7,0,0]": 1.0,
    "x[0,2,0,0]": 1.0,
    "x[1,7,0,1]": 1.0,
    "x[3,6,0,1]": 1.0,
    "x[5,1,0,1]": 1.0,
    "x[6,5,0,1]": 1.0,
    "x[0,3,0,1]": 1.0
  },
  "y": {
    "y[4,7,0,0]": 1.0,
    "y[0,4,0,0]": 1.0
  },
  "T1": {},
  "T": {
    "T[0,0]": 11.475214313654586
  },
  "A": {
    "A[0]": 103.8869798788239
  },
  "B": {
    "B[0]": 11.475214313654586
  },
  "L_w": 60,
  "L_d": 11.666666667,
  "staff_velocity": 0.583334783,
  "drone_velocity": 1.166669566,
  "M_t": 1400,
  "M_d": 5,
  "num_staff": 1,
  "num_drone": 1,
  "use_ejection": true,
  "use_inter": true,
  "use_intra": true,
  "solver": "CPLEX",
  "solver_log": false,
  "num_worker": -1,
  "time_limit": 36000,
  "model_params": {},
  "Optimal": 103.8869798788239,
  "Solve_Time": 0.09699726104736328,
  "num_constraint": 719,
  "Number of variables": 641,
  "status": "OPTIMAL"
}