{
  "x": {
    "x[3,10,0,0]": 1.0,
    "x[4,3,0,0]": 1.0,
    "x[6,4,0,0]": 1.0,
    "x[7,6,0,0]": 1.0,
    "x[10,12,0,0]": 1.0,
    "x[12,13,0,0]": 1.0,
    "x[0,7,0,0]": 1.0
  },
  "y": {
    "y[1,11,0,0]": 1.0,
    "y[2,9,0,0]": 1.0,
    "y[9,1,0,0]": 1.0,
    "y[11,13,0,0]": 1.0,
    "y[0,2,0,0]": 1.0,
    "y[5,8,0,1]": 1.0,
    "y[8,13,0,1]": 1.0,
    "y[0,5,0,1]": 1.0
  },
  "T1": {},
  "T": {
    "T[0,0]": 11.617690015757848,
    "T[0,1]": 5.2334737822228465
  },
  "A": {
    "A[0]": 16.70559086436003
  },
  "B": {
    "B[0]": 16.851163797980696
  },
  "L_w": 60,
  "L_d": 11.666666667,
  "staff_velocity": 0.583334783,
  "drone_velocity": 1.166669566,
  "M_t": 1400,
  "M_d": 5,
  "num_staff": 1,
  "num_drone": 1,
  "use_ejection": true,
  "use_inter": true,
  "use_intra": true,
  "solver": "CPLEX",
  "solver_log": false,
  "num_worker": -1,
  "time_limit": 36000,
  "model_params": {},
  "Optimal": 16.851163797980696,
  "Solve_Time": 1011.0780203342438,
  "num_constraint": 3475,
  "Number of variables": 3331,
  "status": "OPTIMAL"
}