{
  "x": {
    "x[1,10,0,0]": 1.0,
    "x[9,1,0,0]": 1.0,
    "x[10,18,0,0]": 1.0,
    "x[11,21,0,0]": 1.0,
    "x[18,11,0,0]": 1.0,
    "x[0,9,0,0]": 1.0,
    "x[6,13,1,0]": 1.0,
    "x[13,20,1,0]": 1.0,
    "x[17,6,1,0]": 1.0,
    "x[20,21,1,0]": 1.0,
    "x[0,17,1,0]": 1.0
  },
  "y": {
    "y[15,21,0,0]": 1.0,
    "y[19,15,0,0]": 1.0,
    "y[0,19,0,0]": 1.0,
    "y[3,16,0,1]": 1.0,
    "y[5,3,0,1]": 1.0,
    "y[7,5,0,1]": 1.0,
    "y[16,21,0,1]": 1.0,
    "y[0,7,0,1]": 1.0,
    "y[2,4,1,0]": 1.0,
    "y[4,8,1,0]": 1.0,
    "y[8,14,1,0]": 1.0,
    "y[14,21,1,0]": 1.0,
    "y[0,2,1,0]": 1.0,
    "y[12,21,1,1]": 1.0,
    "y[0,12,1,1]": 1.0
  },
  "T1": {},
  "T": {
    "T[0,0]": 4.352948116774147,
    "T[0,1]": 5.886701093868501,
    "T[1,0]": 8.101254106774528,
    "T[1,1]": 2.29159548441801
  },
  "A": {
    "A[0]": 10.433396965696835,
    "A[1]": 10.415709365982568
  },
  "B": {
    "B[0]": 10.239649210642648,
    "B[1]": 10.392849591192538
  },
  "L_w": 60,
  "L_d": 11.666666667,
  "staff_velocity": 0.583334783,
  "drone_velocity": 1.166669566,
  "M_t": 2800,
  "M_d": 5,
  "num_staff": 2,
  "num_drone": 2,
  "use_ejection": true,
  "use_inter": true,
  "use_intra": true,
  "solver": "CPLEX",
  "solver_log": false,
  "num_worker": -1,
  "time_limit": 36000,
  "model_params": {},
  "Optimal": 10.433396965696835,
  "Solve_Time": 36024.17279314995,
  "num_constraint": 26029,
  "Number of variables": 25609,
  "status": "FEASIBLE"
}