{
  "x": {
    "x[1,7,0,0]": 1.0,
    "x[6,1,0,0]": 1.0,
    "x[0,6,0,0]": 1.0
  },
  "y": {
    "y[2,7,0,0]": 1.0,
    "y[3,5,0,0]": 1.0,
    "y[5,2,0,0]": 1.0,
    "y[0,3,0,0]": 1.0,
    "y[4,7,0,1]": 1.0,
    "y[0,4,0,1]": 1.0
  },
  "T1": {},
  "T": {
    "T[0,0]": 11.403611683850464,
    "T[0,1]": 8.454995443164583
  },
  "A": {
    "A[0]": 20.542737290625233
  },
  "B": {
    "B[0]": 19.85860712701505
  },
  "L_w": 60,
  "L_d": 11.666666667,
  "staff_velocity": 0.583334783,
  "drone_velocity": 1.166669566,
  "M_t": 1400,
  "M_d": 5,
  "num_staff": 1,
  "num_drone": 1,
  "use_ejection": true,
  "use_inter": true,
  "use_intra": true,
  "solver": "CPLEX",
  "solver_log": false,
  "num_worker": -1,
  "time_limit": 36000,
  "model_params": {},
  "Optimal": 20.54273729062523,
  "Solve_Time": 0.20799994468688965,
  "num_constraint": 719,
  "Number of variables": 641,
  "status": "OPTIMAL"
}