{
  "x": {
    "x[7,21,0,0]": 1.0,
    "x[17,7,0,0]": 1.0,
    "x[20,17,0,0]": 1.0,
    "x[0,20,0,0]": 1.0,
    "x[1,18,1,0]": 1.0,
    "x[4,12,1,0]": 1.0,
    "x[11,1,1,0]": 1.0,
    "x[12,11,1,0]": 1.0,
    "x[18,21,1,0]": 1.0,
    "x[0,4,1,0]": 1.0
  },
  "y": {
    "y[2,19,0,0]": 1.0,
    "y[14,2,0,0]": 1.0,
    "y[19,21,0,0]": 1.0,
    "y[0,14,0,0]": 1.0,
    "y[10,16,0,1]": 1.0,
    "y[13,10,0,1]": 1.0,
    "y[16,21,0,1]": 1.0,
    "y[0,13,0,1]": 1.0,
    "y[3,5,1,0]": 1.0,
    "y[5,15,1,0]": 1.0,
    "y[8,3,1,0]": 1.0,
    "y[9,8,1,0]": 1.0,
    "y[15,21,1,0]": 1.0,
    "y[0,9,1,0]": 1.0,
    "y[6,21,1,1]": 1.0,
    "y[0,6,1,1]": 1.0
  },
  "T1": {},
  "T": {
    "T[0,0]": 4.087652486131852,
    "T[0,1]": 4.524412014892499,
    "T[1,0]": 6.879190427591755,
    "T[1,1]": 1.6929504920002565
  },
  "A": {
    "A[0]": 8.544433078637795,
    "A[1]": 8.501634162475526
  },
  "B": {
    "B[0]": 8.612064501024351,
    "B[1]": 8.572140919592012
  },
  "L_w": 60,
  "L_d": 11.666666667,
  "staff_velocity": 0.583334783,
  "drone_velocity": 1.166669566,
  "M_t": 2800,
  "M_d": 5,
  "num_staff": 2,
  "num_drone": 2,
  "use_ejection": true,
  "use_inter": true,
  "use_intra": true,
  "solver": "CPLEX",
  "solver_log": false,
  "num_worker": -1,
  "time_limit": 3600,
  "model_params": {},
  "Optimal": 8.612064501024351,
  "Solve_Time": 4018.2614603042603,
  "num_constraint": 33629,
  "Number of variables": 33161,
  "status": "FEASIBLE"
}