{
  "x": {
    "x[2,7,0,0]": 1.0,
    "x[0,2,0,0]": 1.0
  },
  "y": {
    "y[4,7,0,0]": 1.0,
    "y[0,4,0,0]": 1.0,
    "y[1,5,0,1]": 1.0,
    "y[5,7,0,1]": 1.0,
    "y[0,1,0,1]": 1.0,
    "y[3,7,0,2]": 1.0,
    "y[6,3,0,2]": 1.0,
    "y[0,6,0,2]": 1.0
  },
  "T1": {},
  "T": {
    "T[0,0]": 1.7660956414779472,
    "T[0,1]": 3.812254662134074,
    "T[0,2]": 5.451934256321054
  },
  "A": {
    "A[0]": 11.661094229045453
  },
  "B": {
    "B[0]": 11.030284559933076
  },
  "L_w": 60,
  "L_d": 11.666666667,
  "staff_velocity": 0.583334783,
  "drone_velocity": 1.166669566,
  "M_t": 1400,
  "M_d": 5,
  "num_staff": 1,
  "num_drone": 1,
  "use_ejection": true,
  "use_inter": true,
  "use_intra": true,
  "solver": "CPLEX",
  "solver_log": false,
  "num_worker": -1,
  "time_limit": 36000,
  "model_params": {},
  "Optimal": 11.661094229045453,
  "Solve_Time": 0.11800003051757812,
  "num_constraint": 595,
  "Number of variables": 523,
  "status": "OPTIMAL"
}