{
  "x": {
    "x[1,10,0,0]": 1.0,
    "x[3,8,0,0]": 1.0,
    "x[4,5,0,0]": 1.0,
    "x[5,1,0,0]": 1.0,
    "x[8,11,0,0]": 1.0,
    "x[10,3,0,0]": 1.0,
    "x[0,4,0,0]": 1.0
  },
  "y": {
    "y[2,11,0,0]": 1.0,
    "y[7,2,0,0]": 1.0,
    "y[0,7,0,0]": 1.0,
    "y[6,11,0,1]": 1.0,
    "y[0,6,0,1]": 1.0,
    "y[9,11,0,2]": 1.0,
    "y[0,9,0,2]": 1.0
  },
  "T1": {},
  "T": {
    "T[0,0]": 10.562608768793215,
    "T[0,1]": 10.93325176443345,
    "T[0,2]": 6.671370384904979
  },
  "A": {
    "A[0]": 30.30250445727542
  },
  "B": {
    "B[0]": 28.167230918131644
  },
  "L_w": 60,
  "L_d": 11.666666667,
  "staff_velocity": 0.583334783,
  "drone_velocity": 1.166669566,
  "M_t": 1400,
  "M_d": 5,
  "num_staff": 1,
  "num_drone": 1,
  "use_ejection": true,
  "use_inter": true,
  "use_intra": true,
  "solver": "CPLEX",
  "solver_log": false,
  "num_worker": -1,
  "time_limit": 36000,
  "model_params": {},
  "Optimal": 30.30250445727542,
  "Solve_Time": 2.7689990997314453,
  "num_constraint": 1843,
  "Number of variables": 1731,
  "status": "OPTIMAL"
}