{
  "x": {
    "x[4,10,0,0]": 1.0,
    "x[6,12,0,0]": 1.0,
    "x[7,6,0,0]": 1.0,
    "x[10,13,0,0]": 1.0,
    "x[12,4,0,0]": 1.0,
    "x[0,7,0,0]": 1.0
  },
  "y": {
    "y[5,9,0,0]": 1.0,
    "y[9,11,0,0]": 1.0,
    "y[11,13,0,0]": 1.0,
    "y[0,5,0,0]": 1.0,
    "y[1,8,0,1]": 1.0,
    "y[2,3,0,1]": 1.0,
    "y[3,13,0,1]": 1.0,
    "y[8,2,0,1]": 1.0,
    "y[0,1,0,1]": 1.0
  },
  "T1": {},
  "T": {
    "T[0,0]": 7.11218553821768,
    "T[0,1]": 4.908719469651251
  },
  "A": {
    "A[0]": 12.045657272792681
  },
  "B": {
    "B[0]": 12.020905007868931
  },
  "L_w": 60,
  "L_d": 11.666666667,
  "staff_velocity": 0.583334783,
  "drone_velocity": 1.166669566,
  "M_t": 1400,
  "M_d": 5,
  "num_staff": 1,
  "num_drone": 1,
  "use_ejection": true,
  "use_inter": true,
  "use_intra": true,
  "solver": "CPLEX",
  "solver_log": false,
  "num_worker": -1,
  "time_limit": 36000,
  "model_params": {},
  "Optimal": 12.045657272792681,
  "Solve_Time": 130.48295402526855,
  "num_constraint": 3155,
  "Number of variables": 3017,
  "status": "OPTIMAL"
}