{
  "x": {
    "x[14,21,0,0]": 1.0,
    "x[15,14,0,0]": 1.0,
    "x[19,15,0,0]": 1.0,
    "x[0,19,0,0]": 1.0,
    "x[1,20,1,0]": 1.0,
    "x[8,18,1,0]": 1.0,
    "x[12,1,1,0]": 1.0,
    "x[17,8,1,0]": 1.0,
    "x[18,12,1,0]": 1.0,
    "x[20,21,1,0]": 1.0,
    "x[0,17,1,0]": 1.0
  },
  "y": {
    "y[3,10,0,0]": 1.0,
    "y[5,13,0,0]": 1.0,
    "y[9,5,0,0]": 1.0,
    "y[10,21,0,0]": 1.0,
    "y[13,3,0,0]": 1.0,
    "y[0,9,0,0]": 1.0,
    "y[2,7,1,0]": 1.0,
    "y[6,21,1,0]": 1.0,
    "y[7,11,1,0]": 1.0,
    "y[11,16,1,0]": 1.0,
    "y[16,6,1,0]": 1.0,
    "y[0,2,1,0]": 1.0,
    "y[4,21,1,1]": 1.0,
    "y[0,4,1,1]": 1.0
  },
  "T1": {},
  "T": {
    "T[0,0]": 9.055382017298472,
    "T[1,0]": 5.63619272808806,
    "T[1,1]": 3.545642095529968
  },
  "A": {
    "A[0]": 9.086781721754559,
    "A[1]": 8.361088202664764
  },
  "B": {
    "B[0]": 9.055382017298472,
    "B[1]": 9.18183482361803
  },
  "L_w": 60,
  "L_d": 11.666666667,
  "staff_velocity": 0.583334783,
  "drone_velocity": 1.166669566,
  "M_t": 2800,
  "M_d": 5,
  "num_staff": 2,
  "num_drone": 2,
  "use_ejection": true,
  "use_inter": true,
  "use_intra": true,
  "solver": "CPLEX",
  "solver_log": false,
  "num_worker": -1,
  "time_limit": 36000,
  "model_params": {},
  "Optimal": 9.18183482361803,
  "Solve_Time": 36045.84905004501,
  "num_constraint": 31405,
  "Number of variables": 30949,
  "status": "FEASIBLE"
}