{
  "x": {
    "x[2,3,0,0]": 1.0,
    "x[3,6,0,0]": 1.0,
    "x[6,7,0,0]": 1.0,
    "x[7,13,0,0]": 1.0,
    "x[0,2,0,0]": 1.0
  },
  "y": {
    "y[4,11,0,0]": 1.0,
    "y[9,4,0,0]": 1.0,
    "y[11,13,0,0]": 1.0,
    "y[0,9,0,0]": 1.0,
    "y[1,8,0,1]": 1.0,
    "y[8,12,0,1]": 1.0,
    "y[12,13,0,1]": 1.0,
    "y[0,1,0,1]": 1.0,
    "y[5,10,0,2]": 1.0,
    "y[10,13,0,2]": 1.0,
    "y[0,5,0,2]": 1.0
  },
  "T1": {},
  "T": {
    "T[0,0]": 10.041726698407928,
    "T[0,1]": 9.175025119630343,
    "T[0,2]": 10.591436409046752
  },
  "A": {
    "A[0]": 29.726862175766946
  },
  "B": {
    "B[0]": 29.80818822708502
  },
  "L_w": 60,
  "L_d": 11.666666667,
  "staff_velocity": 0.583334783,
  "drone_velocity": 1.166669566,
  "M_t": 1400,
  "M_d": 5,
  "num_staff": 1,
  "num_drone": 1,
  "use_ejection": true,
  "use_inter": true,
  "use_intra": true,
  "solver": "CPLEX",
  "solver_log": false,
  "num_worker": -1,
  "time_limit": 36000,
  "model_params": {},
  "Optimal": 29.808188227085022,
  "Solve_Time": 16.719144105911255,
  "num_constraint": 3155,
  "Number of variables": 3017,
  "status": "OPTIMAL"
}