{
  "x": {
    "x[10,11,0,0]": 1.0,
    "x[0,10,0,0]": 1.0,
    "x[2,9,0,1]": 1.0,
    "x[3,8,0,1]": 1.0,
    "x[5,2,0,1]": 1.0,
    "x[6,3,0,1]": 1.0,
    "x[8,11,0,1]": 1.0,
    "x[9,6,0,1]": 1.0,
    "x[0,5,0,1]": 1.0
  },
  "y": {
    "y[7,11,0,0]": 1.0,
    "y[0,7,0,0]": 1.0,
    "y[4,11,0,1]": 1.0,
    "y[0,4,0,1]": 1.0,
    "y[1,11,0,2]": 1.0,
    "y[0,1,0,2]": 1.0
  },
  "T1": {},
  "T": {
    "T[0,0]": 4.2450793540535265,
    "T[0,1]": 7.165342696873241,
    "T[0,2]": 9.025040851888136
  },
  "A": {
    "A[0]": 95.63444641838899
  },
  "B": {
    "B[0]": 20.435462902814905
  },
  "L_w": 60,
  "L_d": 11.666666667,
  "staff_velocity": 0.583334783,
  "drone_velocity": 1.166669566,
  "M_t": 1400,
  "M_d": 5,
  "num_staff": 1,
  "num_drone": 1,
  "use_ejection": true,
  "use_inter": true,
  "use_intra": true,
  "solver": "CPLEX",
  "solver_log": false,
  "num_worker": -1,
  "time_limit": 36000,
  "model_params": {},
  "Optimal": 95.63444641838899,
  "Solve_Time": 0.43200039863586426,
  "num_constraint": 1843,
  "Number of variables": 1731,
  "status": "OPTIMAL"
}