{
  "x": {
    "x[3,9,0,0]": 1.0,
    "x[8,3,0,0]": 1.0,
    "x[9,12,0,0]": 1.0,
    "x[12,21,0,0]": 1.0,
    "x[14,15,0,0]": 1.0,
    "x[15,8,0,0]": 1.0,
    "x[0,14,0,0]": 1.0,
    "x[16,21,0,1]": 1.0,
    "x[20,16,0,1]": 1.0,
    "x[0,20,0,1]": 1.0,
    "x[2,10,1,0]": 1.0,
    "x[4,6,1,0]": 1.0,
    "x[5,13,1,0]": 1.0,
    "x[6,19,1,0]": 1.0,
    "x[10,11,1,0]": 1.0,
    "x[11,5,1,0]": 1.0,
    "x[13,4,1,0]": 1.0,
    "x[19,21,1,0]": 1.0,
    "x[0,2,1,0]": 1.0
  },
  "y": {
    "y[1,21,1,0]": 1.0,
    "y[0,1,1,0]": 1.0,
    "y[17,21,1,1]": 1.0,
    "y[0,17,1,1]": 1.0,
    "y[7,21,1,2]": 1.0,
    "y[0,7,1,2]": 1.0,
    "y[18,21,1,3]": 1.0,
    "y[0,18,1,3]": 1.0
  },
  "T1": {},
  "T": {
    "T[1,0]": 7.824630199349413,
    "T[1,1]": 8.528593746605896,
    "T[1,2]": 9.17992269212034,
    "T[1,3]": 4.072244771338964
  },
  "A": {
    "A[0]": 96.1610441144571,
    "A[1]": 76.99711120476957
  },
  "B": {
    "B[1]": 29.605391409414615
  },
  "L_w": 60,
  "L_d": 11.666666667,
  "staff_velocity": 0.583334783,
  "drone_velocity": 1.166669566,
  "M_t": 2800,
  "M_d": 5,
  "num_staff": 2,
  "num_drone": 2,
  "use_ejection": true,
  "use_inter": true,
  "use_intra": true,
  "solver": "CPLEX",
  "solver_log": false,
  "num_worker": -1,
  "time_limit": 36000,
  "model_params": {},
  "Optimal": 96.1610441144571,
  "Solve_Time": 36148.62573099136,
  "num_constraint": 31405,
  "Number of variables": 30949,
  "status": "FEASIBLE"
}