{
  "x": {
    "x[1,13,0,0]": 1.0,
    "x[3,10,0,0]": 1.0,
    "x[4,3,0,0]": 1.0,
    "x[5,1,0,0]": 1.0,
    "x[10,5,0,0]": 1.0,
    "x[0,4,0,0]": 1.0
  },
  "y": {
    "y[8,13,0,0]": 1.0,
    "y[9,8,0,0]": 1.0,
    "y[0,9,0,0]": 1.0,
    "y[2,7,0,1]": 1.0,
    "y[6,13,0,1]": 1.0,
    "y[7,6,0,1]": 1.0,
    "y[12,2,0,1]": 1.0,
    "y[0,12,0,1]": 1.0,
    "y[11,13,0,2]": 1.0,
    "y[0,11,0,2]": 1.0
  },
  "T1": {},
  "T": {
    "T[0,0]": 5.21093751121345,
    "T[0,1]": 5.457805116576374,
    "T[0,2]": 4.761624096614177
  },
  "A": {
    "A[0]": 14.91006782414915
  },
  "B": {
    "B[0]": 15.430366724404001
  },
  "L_w": 60,
  "L_d": 11.666666667,
  "staff_velocity": 0.583334783,
  "drone_velocity": 1.166669566,
  "M_t": 1400,
  "M_d": 5,
  "num_staff": 1,
  "num_drone": 1,
  "use_ejection": true,
  "use_inter": true,
  "use_intra": true,
  "solver": "CPLEX",
  "solver_log": false,
  "num_worker": -1,
  "time_limit": 36000,
  "model_params": {},
  "Optimal": 15.430366724404001,
  "Solve_Time": 142.12684679031372,
  "num_constraint": 3475,
  "Number of variables": 3331,
  "status": "OPTIMAL"
}