{
  "x": {
    "x[4,45,0,0]": 1.0,
    "x[6,51,0,0]": 1.0,
    "x[10,22,0,0]": 1.0,
    "x[22,6,0,0]": 1.0,
    "x[45,10,0,0]": 1.0,
    "x[0,4,0,0]": 1.0,
    "x[5,9,0,1]": 1.0,
    "x[9,20,0,1]": 1.0,
    "x[17,49,0,1]": 1.0,
    "x[20,51,0,1]": 1.0,
    "x[49,5,0,1]": 1.0,
    "x[0,17,0,1]": 1.0,
    "x[7,51,1,0]": 1.0,
    "x[25,7,1,0]": 1.0,
    "x[31,25,1,0]": 1.0,
    "x[0,31,1,0]": 1.0,
    "x[40,51,1,1]": 1.0,
    "x[44,40,1,1]": 1.0,
    "x[0,44,1,1]": 1.0,
    "x[2,51,1,2]": 1.0,
    "x[0,2,1,2]": 1.0,
    "x[38,51,2,0]": 1.0,
    "x[0,38,2,0]": 1.0,
    "x[8,18,2,1]": 1.0,
    "x[18,24,2,1]": 1.0,
    "x[24,51,2,1]": 1.0,
    "x[47,8,2,1]": 1.0,
    "x[0,47,2,1]": 1.0,
    "x[28,51,2,2]": 1.0,
    "x[0,28,2,2]": 1.0,
    "x[29,36,2,3]": 1.0,
    "x[33,29,2,3]": 1.0,
    "x[36,51,2,3]": 1.0,
    "x[0,33,2,3]": 1.0
  },
  "y": {
    "y[48,51,0,0]": 1.0,
    "y[0,48,0,0]": 1.0,
    "y[27,51,1,0]": 1.0,
    "y[0,27,1,0]": 1.0,
    "y[1,51,1,1]": 1.0,
    "y[0,1,1,1]": 1.0,
    "y[12,41,1,2]": 1.0,
    "y[41,51,1,2]": 1.0,
    "y[0,12,1,2]": 1.0,
    "y[39,51,1,3]": 1.0,
    "y[0,39,1,3]": 1.0,
    "y[50,51,1,4]": 1.0,
    "y[0,50,1,4]": 1.0,
    "y[9,19,1,5]": 3.1278721899429787e-10,
    "y[19,9,1,5]": 3.1278721899429787e-10,
    "y[21,51,1,5]": 1.0,
    "y[0,21,1,5]": 1.0,
    "y[37,51,1,6]": 1.0,
    "y[0,37,1,6]": 1.0,
    "y[19,51,2,0]": 1.0,
    "y[0,19,2,0]": 1.0,
    "y[15,51,2,1]": 1.0,
    "y[0,15,2,1]": 1.0,
    "y[13,51,2,2]": 1.0,
    "y[0,13,2,2]": 1.0,
    "y[46,51,2,3]": 1.0,
    "y[0,46,2,3]": 1.0,
    "y[11,51,2,4]": 1.0,
    "y[0,11,2,4]": 1.0,
    "y[23,42,2,5]": 1.0,
    "y[35,23,2,5]": 1.0,
    "y[42,51,2,5]": 1.0,
    "y[0,35,2,5]": 1.0,
    "y[30,51,2,6]": 1.0,
    "y[43,30,2,6]": 1.0,
    "y[0,43,2,6]": 1.0,
    "y[3,51,2,7]": 1.0,
    "y[0,3,2,7]": 1.0,
    "y[26,32,2,8]": 1.0,
    "y[32,51,2,8]": 1.0,
    "y[0,26,2,8]": 1.0,
    "y[14,34,2,9]": 1.0,
    "y[16,51,2,9]": 1.0,
    "y[34,16,2,9]": 1.0,
    "y[0,14,2,9]": 1.0
  },
  "T1": {},
  "T": {
    "T[0,0]": 3.2118317423275564,
    "T[1,0]": 3.8462143633256574,
    "T[1,1]": 9.06933121502053,
    "T[1,2]": 8.652029340142423,
    "T[1,3]": 8.573220590650887,
    "T[1,4]": 8.659715046411911,
    "T[1,5]": 6.753538731223731,
    "T[1,6]": 8.818118771613937,
    "T[2,0]": 8.419257512311733,
    "T[2,1]": 2.5826340484822685,
    "T[2,2]": 3.5970000393355086,
    "T[2,3]": 4.27069879613483,
    "T[2,4]": 2.1666751929065833,
    "T[2,5]": 9.307982816356706,
    "T[2,6]": 10.239789653948872,
    "T[2,7]": 5.007439037396357,
    "T[2,8]": 8.89231952884012,
    "T[2,9]": 9.64582738394803
  },
  "A": {
    "A[0]": 64.26484968964994,
    "A[1]": 61.775728028002504,
    "A[2]": 63.50274116419033
  },
  "B": {
    "B[0]": 3.2118317423275564,
    "B[1]": 54.372168057389075,
    "B[2]": 64.129624009661
  },
  "L_w": 60,
  "L_d": 11.666666667,
  "staff_velocity": 0.583334783,
  "drone_velocity": 1.166669566,
  "M_t": 2800,
  "M_d": 5,
  "num_staff": 3,
  "num_drone": 3,
  "use_ejection": true,
  "use_inter": true,
  "use_intra": true,
  "solver": "CPLEX",
  "solver_log": false,
  "num_worker": -1,
  "time_limit": 36000,
  "model_params": {},
  "Optimal": 64.26484968964994,
  "Solve_Time": 36007.76308846474,
  "num_constraint": 660233,
  "Number of variables": 658591,
  "status": "FEASIBLE"
}