{
  "x": {
    "x[2,3,0,0]": 1.0,
    "x[3,7,0,0]": 1.0,
    "x[0,2,0,0]": 1.0
  },
  "y": {
    "y[1,7,0,0]": 1.0,
    "y[6,1,0,0]": 1.0,
    "y[0,6,0,0]": 1.0,
    "y[4,7,0,1]": 1.0,
    "y[5,4,0,1]": 1.0,
    "y[0,5,0,1]": 1.0
  },
  "T1": {},
  "T": {
    "T[0,0]": 9.546734177481419,
    "T[0,1]": 8.432393676761388
  },
  "A": {
    "A[0]": 17.64873136280398
  },
  "B": {
    "B[0]": 17.979127854242805
  },
  "L_w": 60,
  "L_d": 11.666666667,
  "staff_velocity": 0.583334783,
  "drone_velocity": 1.166669566,
  "M_t": 1400,
  "M_d": 5,
  "num_staff": 1,
  "num_drone": 1,
  "use_ejection": true,
  "use_inter": true,
  "use_intra": true,
  "solver": "CPLEX",
  "solver_log": false,
  "num_worker": -1,
  "time_limit": 36000,
  "model_params": {},
  "Optimal": 17.979127854242805,
  "Solve_Time": 0.12600111961364746,
  "num_constraint": 595,
  "Number of variables": 523,
  "status": "OPTIMAL"
}