{
  "x": {
    "x[1,11,0,0]": 1.0,
    "x[4,5,0,0]": 1.0,
    "x[5,1,0,0]": 1.0,
    "x[6,9,0,0]": 1.0,
    "x[9,10,0,0]": 1.0,
    "x[10,4,0,0]": 1.0,
    "x[0,6,0,0]": 1.0
  },
  "y": {
    "y[7,11,0,0]": 1.0,
    "y[0,7,0,0]": 1.0,
    "y[3,8,0,1]": 1.0,
    "y[8,11,0,1]": 1.0,
    "y[0,3,0,1]": 1.0,
    "y[2,11,0,2]": 1.0,
    "y[0,2,0,2]": 1.0
  },
  "T1": {},
  "T": {
    "T[0,0]": 7.989010326042687,
    "T[0,1]": 11.202877848131639,
    "T[0,2]": 8.995016353570115
  },
  "A": {
    "A[0]": 28.93250050596436
  },
  "B": {
    "B[0]": 28.18690452774444
  },
  "L_w": 60,
  "L_d": 11.666666667,
  "staff_velocity": 0.583334783,
  "drone_velocity": 1.166669566,
  "M_t": 1400,
  "M_d": 5,
  "num_staff": 1,
  "num_drone": 1,
  "use_ejection": true,
  "use_inter": true,
  "use_intra": true,
  "solver": "CPLEX",
  "solver_log": false,
  "num_worker": -1,
  "time_limit": 36000,
  "model_params": {},
  "Optimal": 28.93250050596436,
  "Solve_Time": 0.9540009498596191,
  "num_constraint": 2053,
  "Number of variables": 1935,
  "status": "OPTIMAL"
}