{
  "x": {
    "x[4,6,0,0]": 1.0,
    "x[5,11,0,0]": 1.0,
    "x[6,5,0,0]": 1.0,
    "x[0,4,0,0]": 1.0,
    "x[1,3,0,1]": 1.0,
    "x[2,9,0,1]": 1.0,
    "x[3,7,0,1]": 1.0,
    "x[7,8,0,1]": 1.0,
    "x[8,11,0,1]": 1.0,
    "x[9,1,0,1]": 1.0,
    "x[0,2,0,1]": 1.0
  },
  "y": {
    "y[10,11,0,0]": 1.0,
    "y[0,10,0,0]": 1.0
  },
  "T1": {},
  "T": {
    "T[0,0]": 10.172956072140359
  },
  "A": {
    "A[0]": 116.22345724554641
  },
  "B": {
    "B[0]": 10.172956072140359
  },
  "L_w": 60,
  "L_d": 11.666666667,
  "staff_velocity": 0.583334783,
  "drone_velocity": 1.166669566,
  "M_t": 1400,
  "M_d": 5,
  "num_staff": 1,
  "num_drone": 1,
  "use_ejection": true,
  "use_inter": true,
  "use_intra": true,
  "solver": "CPLEX",
  "solver_log": false,
  "num_worker": -1,
  "time_limit": 36000,
  "model_params": {},
  "Optimal": 116.22345724554641,
  "Solve_Time": 0.39968395233154297,
  "num_constraint": 2053,
  "Number of variables": 1935,
  "status": "OPTIMAL"
}