{
  "x": {
    "x[2,14,0,0]": 1.0,
    "x[6,19,0,0]": 1.0,
    "x[12,2,0,0]": 1.0,
    "x[14,21,0,0]": 1.0,
    "x[15,6,0,0]": 1.0,
    "x[16,12,0,0]": 1.0,
    "x[19,16,0,0]": 1.0,
    "x[0,15,0,0]": 1.0,
    "x[5,7,1,0]": 1.0,
    "x[7,21,1,0]": 1.0,
    "x[8,5,1,0]": 1.0,
    "x[11,17,1,0]": 1.0,
    "x[17,8,1,0]": 1.0,
    "x[0,11,1,0]": 1.0
  },
  "y": {
    "y[4,21,1,0]": 1.0,
    "y[20,4,1,0]": 1.0,
    "y[0,20,1,0]": 1.0,
    "y[10,21,1,1]": 1.0,
    "y[0,10,1,1]": 1.0,
    "y[9,13,1,2]": 1.0,
    "y[13,21,1,2]": 1.0,
    "y[0,9,1,2]": 1.0,
    "y[3,21,1,3]": 1.0,
    "y[0,3,1,3]": 1.0,
    "y[1,18,1,4]": 1.0,
    "y[18,21,1,4]": 1.0,
    "y[0,1,1,4]": 1.0
  },
  "T1": {},
  "T": {
    "T[1,0]": 10.845757439110601,
    "T[1,1]": 5.185127213956912,
    "T[1,2]": 11.588644228422957,
    "T[1,3]": 11.603046784453088,
    "T[1,4]": 11.18052077899814
  },
  "A": {
    "A[0]": 74.79118605372628,
    "A[1]": 71.26619773201963
  },
  "B": {
    "B[1]": 50.403096444941696
  },
  "L_w": 60,
  "L_d": 11.666666667,
  "staff_velocity": 0.583334783,
  "drone_velocity": 1.166669566,
  "M_t": 2800,
  "M_d": 5,
  "num_staff": 2,
  "num_drone": 2,
  "use_ejection": true,
  "use_inter": true,
  "use_intra": true,
  "solver": "CPLEX",
  "solver_log": false,
  "num_worker": -1,
  "time_limit": 36000,
  "model_params": {},
  "Optimal": 74.79118605372628,
  "Solve_Time": 36038.46738362312,
  "num_constraint": 29405,
  "Number of variables": 28961,
  "status": "FEASIBLE"
}