{
  "x": {
    "x[32,51,0,0]": 1.0,
    "x[0,32,0,0]": 1.0,
    "x[14,51,0,1]": 1.0,
    "x[16,14,0,1]": 1.0,
    "x[0,16,0,1]": 1.0,
    "x[12,51,0,2]": 1.0,
    "x[0,12,0,2]": 1.0,
    "x[7,51,0,3]": 1.0,
    "x[0,7,0,3]": 1.0,
    "x[2,51,0,4]": 1.0,
    "x[13,24,0,4]": 1.0,
    "x[19,2,0,4]": 1.0,
    "x[24,19,0,4]": 1.0,
    "x[0,13,0,4]": 1.0,
    "x[26,51,1,0]": 1.0,
    "x[0,26,1,0]": 1.0,
    "x[39,51,1,1]": 1.0,
    "x[0,39,1,1]": 1.0,
    "x[8,51,1,2]": 1.0,
    "x[0,8,1,2]": 1.0,
    "x[23,51,1,3]": 1.0,
    "x[0,23,1,3]": 1.0,
    "x[1,51,1,4]": 1.0,
    "x[0,1,1,4]": 1.0,
    "x[20,51,1,5]": 1.0,
    "x[0,20,1,5]": 1.0,
    "x[37,51,1,6]": 1.0,
    "x[0,37,1,6]": 1.0,
    "x[41,51,1,7]": 1.0,
    "x[0,41,1,7]": 1.0,
    "x[11,51,1,8]": 1.0,
    "x[0,11,1,8]": 1.0,
    "x[47,51,1,9]": 1.0,
    "x[0,47,1,9]": 1.0,
    "x[42,46,1,10]": 1.0,
    "x[46,51,1,10]": 1.0,
    "x[0,42,1,10]": 1.0,
    "x[29,51,1,11]": 1.0,
    "x[0,29,1,11]": 1.0,
    "x[43,51,1,12]": 1.0,
    "x[0,43,1,12]": 1.0,
    "x[17,51,1,13]": 1.0,
    "x[0,17,1,13]": 1.0,
    "x[44,51,1,14]": 1.0,
    "x[0,44,1,14]": 1.0,
    "x[22,51,1,15]": 1.0,
    "x[0,22,1,15]": 1.0,
    "x[35,51,1,16]": 1.0,
    "x[0,35,1,16]": 1.0,
    "x[27,51,1,17]": 1.0,
    "x[0,27,1,17]": 1.0,
    "x[4,25,1,18]": 1.0,
    "x[25,51,1,18]": 1.0,
    "x[0,4,1,18]": 1.0,
    "x[50,51,1,19]": 1.0,
    "x[0,50,1,19]": 1.0,
    "x[40,51,1,20]": 1.0,
    "x[0,40,1,20]": 1.0,
    "x[10,51,1,21]": 1.0,
    "x[0,10,1,21]": 1.0,
    "x[36,51,1,22]": 1.0,
    "x[0,36,1,22]": 1.0,
    "x[6,51,1,23]": 1.0,
    "x[0,6,1,23]": 1.0,
    "x[30,51,1,24]": 1.0,
    "x[0,30,1,24]": 1.0,
    "x[15,51,1,25]": 1.0,
    "x[0,15,1,25]": 1.0,
    "x[18,51,1,26]": 1.0,
    "x[0,18,1,26]": 1.0,
    "x[48,51,1,27]": 1.0,
    "x[0,48,1,27]": 1.0,
    "x[45,51,1,28]": 1.0,
    "x[0,45,1,28]": 1.0,
    "x[5,51,1,29]": 1.0,
    "x[0,5,1,29]": 1.0,
    "x[49,51,1,30]": 1.0,
    "x[0,49,1,30]": 1.0,
    "x[33,51,1,31]": 1.0,
    "x[0,33,1,31]": 1.0,
    "x[38,51,1,32]": 1.0,
    "x[0,38,1,32]": 1.0,
    "x[21,51,1,33]": 1.0,
    "x[0,21,1,33]": 1.0,
    "x[3,51,1,34]": 1.0,
    "x[0,3,1,34]": 1.0,
    "x[9,28,1,35]": 1.0,
    "x[28,51,1,35]": 1.0,
    "x[0,9,1,35]": 1.0,
    "x[34,51,2,0]": 1.0,
    "x[0,34,2,0]": 1.0
  },
  "y": {
    "y[31,51,0,0]": 1.0,
    "y[0,31,0,0]": 1.0
  },
  "T1": {},
  "T": {
    "T[0,0]": 11.386179645523343
  },
  "A": {
    "A[0]": 271.84494136746986,
    "A[1]": 1515.2650892935915,
    "A[2]": 29.92454157661705
  },
  "B": {
    "B[0]": 11.386179645523343
  },
  "L_w": 60,
  "L_d": 11.666666667,
  "staff_velocity": 0.583334783,
  "drone_velocity": 1.166669566,
  "M_t": 2800,
  "M_d": 5,
  "num_staff": 3,
  "num_drone": 3,
  "use_ejection": true,
  "use_inter": true,
  "use_intra": true,
  "solver": "CPLEX",
  "solver_log": false,
  "num_worker": -1,
  "time_limit": 36000,
  "model_params": {},
  "Optimal": 1515.2650892935915,
  "Solve_Time": 36008.61386823654,
  "num_constraint": 437333,
  "Number of variables": 436051,
  "status": "FEASIBLE"
}