{
  "x": {
    "x[3,7,0,0]": 1.0,
    "x[0,3,0,0]": 1.0
  },
  "y": {
    "y[2,5,0,0]": 1.0,
    "y[5,7,0,0]": 1.0,
    "y[0,2,0,0]": 1.0,
    "y[6,7,0,1]": 1.0,
    "y[0,6,0,1]": 1.0,
    "y[1,4,0,2]": 1.0,
    "y[4,7,0,2]": 1.0,
    "y[0,1,0,2]": 1.0
  },
  "T1": {},
  "T": {
    "T[0,0]": 6.779945840071855,
    "T[0,1]": 6.873140138707866,
    "T[0,2]": 6.368461687790369
  },
  "A": {
    "A[0]": 20.500705200575002
  },
  "B": {
    "B[0]": 20.02154766657009
  },
  "L_w": 60,
  "L_d": 11.666666667,
  "staff_velocity": 0.583334783,
  "drone_velocity": 1.166669566,
  "M_t": 1400,
  "M_d": 5,
  "num_staff": 1,
  "num_drone": 1,
  "use_ejection": true,
  "use_inter": true,
  "use_intra": true,
  "solver": "CPLEX",
  "solver_log": false,
  "num_worker": -1,
  "time_limit": 36000,
  "model_params": {},
  "Optimal": 20.500705200575002,
  "Solve_Time": 0.12800145149230957,
  "num_constraint": 719,
  "Number of variables": 641,
  "status": "OPTIMAL"
}