{
  "x": {
    "x[5,8,0,0]": 1.0,
    "x[8,11,0,0]": 1.0,
    "x[0,5,0,0]": 1.0
  },
  "y": {
    "y[1,2,0,0]": 1.0,
    "y[2,11,0,0]": 1.0,
    "y[7,9,0,0]": 1.0,
    "y[9,1,0,0]": 1.0,
    "y[10,7,0,0]": 1.0,
    "y[0,10,0,0]": 1.0,
    "y[3,11,0,1]": 1.0,
    "y[4,3,0,1]": 1.0,
    "y[6,4,0,1]": 1.0,
    "y[0,6,0,1]": 1.0
  },
  "T1": {},
  "T": {
    "T[0,0]": 7.171558021247505,
    "T[0,1]": 5.252195282096084
  },
  "A": {
    "A[0]": 10.579965142084912
  },
  "B": {
    "B[0]": 12.423753303343588
  },
  "L_w": 60,
  "L_d": 11.666666667,
  "staff_velocity": 0.583334783,
  "drone_velocity": 1.166669566,
  "M_t": 1400,
  "M_d": 5,
  "num_staff": 1,
  "num_drone": 1,
  "use_ejection": true,
  "use_inter": true,
  "use_intra": true,
  "solver": "CPLEX",
  "solver_log": false,
  "num_worker": -1,
  "time_limit": 36000,
  "model_params": {},
  "Optimal": 12.423753303343588,
  "Solve_Time": 0.7969996929168701,
  "num_constraint": 2315,
  "Number of variables": 2191,
  "status": "OPTIMAL"
}