{
  "x": {
    "x[2,3,0,0]": 1.0,
    "x[3,4,0,0]": 1.0,
    "x[4,7,0,0]": 1.0,
    "x[0,2,0,0]": 1.0
  },
  "y": {
    "y[6,7,0,0]": 1.0,
    "y[0,6,0,0]": 1.0,
    "y[5,7,0,1]": 1.0,
    "y[0,5,0,1]": 1.0,
    "y[1,7,0,2]": 1.0,
    "y[0,1,0,2]": 1.0
  },
  "T1": {},
  "T": {
    "T[0,0]": 10.376516684899965,
    "T[0,1]": 11.006085325864795,
    "T[0,2]": 11.461743229839477
  },
  "A": {
    "A[0]": 68.32979811771843
  },
  "B": {
    "B[0]": 32.84434524060424
  },
  "L_w": 60,
  "L_d": 11.666666667,
  "staff_velocity": 0.583334783,
  "drone_velocity": 1.166669566,
  "M_t": 1400,
  "M_d": 5,
  "num_staff": 1,
  "num_drone": 1,
  "use_ejection": true,
  "use_inter": true,
  "use_intra": true,
  "solver": "CPLEX",
  "solver_log": false,
  "num_worker": -1,
  "time_limit": 36000,
  "model_params": {},
  "Optimal": 68.32979811771843,
  "Solve_Time": 0.08900046348571777,
  "num_constraint": 595,
  "Number of variables": 523,
  "status": "OPTIMAL"
}