{
  "x": {
    "x[8,27,0,0]": 1.0,
    "x[17,47,0,0]": 1.0,
    "x[27,17,0,0]": 1.0,
    "x[47,51,0,0]": 1.0,
    "x[0,8,0,0]": 1.0,
    "x[4,22,0,1]": 1.0,
    "x[13,4,0,1]": 1.0,
    "x[22,51,0,1]": 1.0,
    "x[0,13,0,1]": 1.0,
    "x[24,51,0,2]": 1.0,
    "x[0,24,0,2]": 1.0,
    "x[36,43,0,3]": 1.0,
    "x[43,51,0,3]": 1.0,
    "x[0,36,0,3]": 1.0,
    "x[12,51,0,4]": 1.0,
    "x[0,12,0,4]": 1.0,
    "x[37,51,0,5]": 1.0,
    "x[0,37,0,5]": 1.0,
    "x[29,51,0,6]": 1.0,
    "x[31,42,0,6]": 1.0,
    "x[42,29,0,6]": 1.0,
    "x[0,31,0,6]": 1.0,
    "x[6,35,1,0]": 1.0,
    "x[30,51,1,0]": 1.0,
    "x[35,30,1,0]": 1.0,
    "x[0,6,1,0]": 1.0,
    "x[5,11,1,1]": 1.0,
    "x[11,23,1,1]": 1.0,
    "x[23,28,1,1]": 1.0,
    "x[28,51,1,1]": 1.0,
    "x[0,5,1,1]": 1.0,
    "x[18,45,1,2]": 1.0,
    "x[45,51,1,2]": 1.0,
    "x[0,18,1,2]": 1.0,
    "x[20,51,1,3]": 1.0,
    "x[0,20,1,3]": 1.0,
    "x[2,7,1,4]": 1.0,
    "x[7,39,1,4]": 1.0,
    "x[39,51,1,4]": 1.0,
    "x[0,2,1,4]": 1.0,
    "x[40,51,2,0]": 1.0,
    "x[0,40,2,0]": 1.0,
    "x[32,51,2,1]": 1.0,
    "x[0,32,2,1]": 1.0,
    "x[19,51,2,2]": 1.0,
    "x[44,19,2,2]": 1.0,
    "x[0,44,2,2]": 1.0,
    "x[3,46,2,3]": 1.0,
    "x[46,51,2,3]": 1.0,
    "x[50,3,2,3]": 1.0,
    "x[0,50,2,3]": 1.0,
    "x[49,51,2,4]": 1.0,
    "x[0,49,2,4]": 1.0,
    "x[14,51,2,5]": 1.0,
    "x[0,14,2,5]": 1.0,
    "x[34,51,2,6]": 1.0,
    "x[48,34,2,6]": 1.0,
    "x[0,48,2,6]": 1.0,
    "x[10,51,2,7]": 1.0,
    "x[21,25,2,7]": 1.0,
    "x[25,10,2,7]": 1.0,
    "x[33,21,2,7]": 1.0,
    "x[0,33,2,7]": 1.0,
    "x[15,41,2,8]": 1.0,
    "x[38,51,2,8]": 1.0,
    "x[41,38,2,8]": 1.0,
    "x[0,15,2,8]": 1.0,
    "x[16,51,2,9]": 1.0,
    "x[0,16,2,9]": 1.0,
    "x[1,51,2,10]": 1.0,
    "x[9,1,2,10]": 1.0,
    "x[26,9,2,10]": 1.0,
    "x[0,26,2,10]": 1.0
  },
  "y": {},
  "T1": {},
  "T": {},
  "A": {
    "A[0]": 509.81719080786166,
    "A[1]": 403.03618343323853,
    "A[2]": 506.4159298944449
  },
  "B": {},
  "L_w": 60,
  "L_d": 11.666666667,
  "staff_velocity": 0.583334783,
  "drone_velocity": 1.166669566,
  "M_t": 2800,
  "M_d": 5,
  "num_staff": 3,
  "num_drone": 3,
  "use_ejection": true,
  "use_inter": true,
  "use_intra": true,
  "solver": "CPLEX",
  "solver_log": false,
  "num_worker": -1,
  "time_limit": 36000,
  "model_params": {},
  "Optimal": 509.81719080786166,
  "Solve_Time": 36010.860377550125,
  "num_constraint": 414983,
  "Number of variables": 413791,
  "status": "FEASIBLE"
}