{
  "x": {
    "x[1,3,0,0]": 1.0,
    "x[3,11,0,0]": 1.0,
    "x[7,12,0,0]": 1.0,
    "x[11,13,0,0]": 1.0,
    "x[12,1,0,0]": 1.0,
    "x[0,7,0,0]": 1.0
  },
  "y": {
    "y[5,6,0,0]": 1.0,
    "y[6,9,0,0]": 1.0,
    "y[9,13,0,0]": 1.0,
    "y[0,5,0,0]": 1.0,
    "y[4,13,0,1]": 1.0,
    "y[0,4,0,1]": 1.0,
    "y[2,13,0,2]": 1.0,
    "y[8,10,0,2]": 1.0,
    "y[10,2,0,2]": 1.0,
    "y[0,8,0,2]": 1.0
  },
  "T1": {},
  "T": {
    "T[0,0]": 10.173560410158084,
    "T[0,1]": 6.238425683861532,
    "T[0,2]": 11.436551266670977
  },
  "A": {
    "A[0]": 27.62717051957048
  },
  "B": {
    "B[0]": 27.848537360690592
  },
  "L_w": 60,
  "L_d": 11.666666667,
  "staff_velocity": 0.583334783,
  "drone_velocity": 1.166669566,
  "M_t": 1400,
  "M_d": 5,
  "num_staff": 1,
  "num_drone": 1,
  "use_ejection": true,
  "use_inter": true,
  "use_intra": true,
  "solver": "CPLEX",
  "solver_log": false,
  "num_worker": -1,
  "time_limit": 36000,
  "model_params": {},
  "Optimal": 27.848537360690592,
  "Solve_Time": 35.3920373916626,
  "num_constraint": 3475,
  "Number of variables": 3331,
  "status": "OPTIMAL"
}