{
  "x": {
    "x[1,2,0,0]": 1.0,
    "x[2,14,0,0]": 1.0,
    "x[4,5,0,0]": 1.0,
    "x[5,1,0,0]": 1.0,
    "x[14,21,0,0]": 1.0,
    "x[0,4,0,0]": 1.0,
    "x[10,16,1,0]": 1.0,
    "x[15,10,1,0]": 1.0,
    "x[16,21,1,0]": 1.0,
    "x[0,15,1,0]": 1.0
  },
  "y": {
    "y[7,21,0,0]": 1.0,
    "y[0,7,0,0]": 1.0,
    "y[3,20,0,1]": 1.0,
    "y[9,3,0,1]": 1.0,
    "y[20,21,0,1]": 1.0,
    "y[0,9,0,1]": 1.0,
    "y[19,21,0,2]": 1.0,
    "y[0,19,0,2]": 1.0,
    "y[6,11,1,0]": 1.0,
    "y[8,6,1,0]": 1.0,
    "y[11,13,1,0]": 1.0,
    "y[13,21,1,0]": 1.0,
    "y[0,8,1,0]": 1.0,
    "y[12,18,1,1]": 1.0,
    "y[17,21,1,1]": 1.0,
    "y[18,17,1,1]": 1.0,
    "y[0,12,1,1]": 1.0
  },
  "T1": {},
  "T": {
    "T[0,0]": 0.8318895433137156,
    "T[0,1]": 11.605886133958617,
    "T[0,2]": 11.265315870898874,
    "T[1,0]": 11.398480935723747,
    "T[1,1]": 10.338852880050048
  },
  "A": {
    "A[0]": 24.57555463727197,
    "A[1]": 24.298792053938485
  },
  "B": {
    "B[0]": 23.70309154817121,
    "B[1]": 21.737333815773795
  },
  "L_w": 60,
  "L_d": 11.666666667,
  "staff_velocity": 0.583334783,
  "drone_velocity": 1.166669566,
  "M_t": 2800,
  "M_d": 5,
  "num_staff": 2,
  "num_drone": 2,
  "use_ejection": true,
  "use_inter": true,
  "use_intra": true,
  "solver": "CPLEX",
  "solver_log": false,
  "num_worker": -1,
  "time_limit": 36000,
  "model_params": {},
  "Optimal": 24.57555463727197,
  "Solve_Time": 36051.62787485123,
  "num_constraint": 26029,
  "Number of variables": 25609,
  "status": "FEASIBLE"
}