{
  "x": {
    "x[3,13,0,0]": 1.0,
    "x[8,9,0,0]": 1.0,
    "x[9,11,0,0]": 1.0,
    "x[11,3,0,0]": 1.0,
    "x[0,8,0,0]": 1.0,
    "x[4,5,0,1]": 1.0,
    "x[5,13,0,1]": 1.0,
    "x[7,4,0,1]": 1.0,
    "x[0,7,0,1]": 1.0
  },
  "y": {
    "y[2,13,0,0]": 1.0,
    "y[0,2,0,0]": 1.0,
    "y[6,13,0,1]": 1.0,
    "y[0,6,0,1]": 1.0,
    "y[12,13,0,2]": 1.0,
    "y[0,12,0,2]": 1.0,
    "y[1,13,0,3]": 1.0,
    "y[10,1,0,3]": 1.0,
    "y[0,10,0,3]": 1.0
  },
  "T1": {},
  "T": {
    "T[0,0]": 11.46452466079007,
    "T[0,1]": 5.406578070740827,
    "T[0,2]": 6.17360568234362,
    "T[0,3]": 9.855313626582424
  },
  "A": {
    "A[0]": 99.56716242426269
  },
  "B": {
    "B[0]": 32.90002204045694
  },
  "L_w": 60,
  "L_d": 11.666666667,
  "staff_velocity": 0.583334783,
  "drone_velocity": 1.166669566,
  "M_t": 1400,
  "M_d": 5,
  "num_staff": 1,
  "num_drone": 1,
  "use_ejection": true,
  "use_inter": true,
  "use_intra": true,
  "solver": "CPLEX",
  "solver_log": false,
  "num_worker": -1,
  "time_limit": 36000,
  "model_params": {},
  "Optimal": 99.56716242426269,
  "Solve_Time": 26.699666738510132,
  "num_constraint": 3155,
  "Number of variables": 3017,
  "status": "OPTIMAL"
}