{
  "x": {
    "x[3,9,0,0]": 1.0,
    "x[7,3,0,0]": 1.0,
    "x[8,7,0,0]": 1.0,
    "x[9,13,0,0]": 1.0,
    "x[0,8,0,0]": 1.0,
    "x[1,4,0,1]": 1.0,
    "x[2,12,0,1]": 1.0,
    "x[4,2,0,1]": 1.0,
    "x[5,11,0,1]": 1.0,
    "x[11,13,0,1]": 1.0,
    "x[12,5,0,1]": 1.0,
    "x[0,1,0,1]": 1.0
  },
  "y": {
    "y[10,13,0,0]": 1.0,
    "y[0,10,0,0]": 1.0,
    "y[6,13,0,1]": 1.0,
    "y[0,6,0,1]": 1.0
  },
  "T1": {},
  "T": {
    "T[0,0]": 7.874163247379149,
    "T[0,1]": 11.495603738826329
  },
  "A": {
    "A[0]": 143.584848565334
  },
  "B": {
    "B[0]": 19.369766986205477
  },
  "L_w": 60,
  "L_d": 11.666666667,
  "staff_velocity": 0.583334783,
  "drone_velocity": 1.166669566,
  "M_t": 1400,
  "M_d": 5,
  "num_staff": 1,
  "num_drone": 1,
  "use_ejection": true,
  "use_inter": true,
  "use_intra": true,
  "solver": "CPLEX",
  "solver_log": false,
  "num_worker": -1,
  "time_limit": 36000,
  "model_params": {},
  "Optimal": 143.584848565334,
  "Solve_Time": 2.3014798164367676,
  "num_constraint": 3475,
  "Number of variables": 3331,
  "status": "OPTIMAL"
}