{
  "x": {
    "x[7,21,0,0]": 1.0,
    "x[12,7,0,0]": 1.0,
    "x[18,12,0,0]": 1.0,
    "x[0,18,0,0]": 1.0,
    "x[1,21,1,0]": 1.0,
    "x[4,20,1,0]": 1.0,
    "x[5,4,1,0]": 1.0,
    "x[17,1,1,0]": 1.0,
    "x[20,17,1,0]": 1.0,
    "x[0,5,1,0]": 1.0
  },
  "y": {
    "y[15,19,0,0]": 1.0,
    "y[19,21,0,0]": 1.0,
    "y[0,15,0,0]": 1.0,
    "y[3,21,0,1]": 1.0,
    "y[10,14,0,1]": 1.0,
    "y[14,16,0,1]": 1.0,
    "y[16,3,0,1]": 1.0,
    "y[0,10,0,1]": 1.0,
    "y[8,9,1,0]": 1.0,
    "y[9,13,1,0]": 1.0,
    "y[13,21,1,0]": 1.0,
    "y[0,8,1,0]": 1.0,
    "y[2,6,1,1]": 1.0,
    "y[6,11,1,1]": 1.0,
    "y[11,21,1,1]": 1.0,
    "y[0,2,1,1]": 1.0
  },
  "T1": {},
  "T": {
    "T[0,0]": 4.034880252658334,
    "T[0,1]": 7.725545394991567,
    "T[1,0]": 4.561383254681698,
    "T[1,1]": 7.025694606959211
  },
  "A": {
    "A[0]": 11.866004457228497,
    "A[1]": 11.052398237707347
  },
  "B": {
    "B[0]": 11.7604256476499,
    "B[1]": 11.58707786164091
  },
  "L_w": 60,
  "L_d": 11.666666667,
  "staff_velocity": 0.583334783,
  "drone_velocity": 1.166669566,
  "M_t": 2800,
  "M_d": 5,
  "num_staff": 2,
  "num_drone": 2,
  "use_ejection": true,
  "use_inter": true,
  "use_intra": true,
  "solver": "CPLEX",
  "solver_log": false,
  "num_worker": -1,
  "time_limit": 36000,
  "model_params": {},
  "Optimal": 11.866004457228497,
  "Solve_Time": 36339.06718540192,
  "num_constraint": 24629,
  "Number of variables": 24221,
  "status": "FEASIBLE"
}