{
  "x": {
    "x[5,13,0,0]": 1.0,
    "x[0,5,0,0]": 1.0,
    "x[4,8,0,1]": 1.0,
    "x[6,10,0,1]": 1.0,
    "x[8,6,0,1]": 1.0,
    "x[10,13,0,1]": 1.0,
    "x[0,4,0,1]": 1.0
  },
  "y": {
    "y[1,9,0,0]": 1.0,
    "y[9,13,0,0]": 1.0,
    "y[0,1,0,0]": 1.0,
    "y[2,13,0,1]": 1.0,
    "y[12,2,0,1]": 1.0,
    "y[0,12,0,1]": 1.0,
    "y[3,7,0,2]": 1.0,
    "y[7,13,0,2]": 1.0,
    "y[11,3,0,2]": 1.0,
    "y[0,11,0,2]": 1.0
  },
  "T1": {},
  "T": {
    "T[0,0]": 9.468254795795836,
    "T[0,1]": 8.921096486309258,
    "T[0,2]": 9.441598443927885
  },
  "A": {
    "A[0]": 26.67419577546953
  },
  "B": {
    "B[0]": 27.830949726032983
  },
  "L_w": 60,
  "L_d": 11.666666667,
  "staff_velocity": 0.583334783,
  "drone_velocity": 1.166669566,
  "M_t": 1400,
  "M_d": 5,
  "num_staff": 1,
  "num_drone": 1,
  "use_ejection": true,
  "use_inter": true,
  "use_intra": true,
  "solver": "CPLEX",
  "solver_log": false,
  "num_worker": -1,
  "time_limit": 36000,
  "model_params": {},
  "Optimal": 27.83094972603298,
  "Solve_Time": 21.197938203811646,
  "num_constraint": 3475,
  "Number of variables": 3331,
  "status": "OPTIMAL"
}