{
  "x": {
    "x[35,51,0,0]": 1.0,
    "x[0,35,0,0]": 1.0,
    "x[31,51,0,1]": 1.0,
    "x[0,31,0,1]": 1.0,
    "x[40,51,0,2]": 1.0,
    "x[0,40,0,2]": 1.0,
    "x[7,20,0,3]": 1.0,
    "x[8,44,0,3]": 1.0,
    "x[12,51,0,3]": 1.0,
    "x[20,24,0,3]": 1.0,
    "x[24,12,0,3]": 1.0,
    "x[39,7,0,3]": 1.0,
    "x[44,39,0,3]": 1.0,
    "x[0,8,0,3]": 1.0,
    "x[43,51,0,4]": 1.0,
    "x[0,43,0,4]": 1.0,
    "x[22,51,0,5]": 1.0,
    "x[0,22,0,5]": 1.0,
    "x[38,51,0,6]": 1.0,
    "x[0,38,0,6]": 1.0,
    "x[50,51,0,7]": 1.0,
    "x[0,50,0,7]": 1.0,
    "x[46,51,0,8]": 1.0,
    "x[0,46,0,8]": 1.0,
    "x[3,18,0,9]": 1.0,
    "x[10,51,0,9]": 1.0,
    "x[14,10,0,9]": 1.0,
    "x[18,14,0,9]": 1.0,
    "x[0,3,0,9]": 1.0,
    "x[19,51,0,10]": 1.0,
    "x[0,19,0,10]": 1.0,
    "x[11,34,0,11]": 1.0,
    "x[16,11,0,11]": 1.0,
    "x[34,51,0,11]": 1.0,
    "x[0,16,0,11]": 1.0,
    "x[41,51,0,12]": 1.0,
    "x[0,41,0,12]": 1.0,
    "x[30,51,0,13]": 1.0,
    "x[0,30,0,13]": 1.0,
    "x[17,51,0,14]": 1.0,
    "x[25,47,0,14]": 1.0,
    "x[47,17,0,14]": 1.0,
    "x[0,25,0,14]": 1.0,
    "x[15,21,1,0]": 1.0,
    "x[21,51,1,0]": 1.0,
    "x[0,15,1,0]": 1.0,
    "x[32,37,2,0]": 1.0,
    "x[37,51,2,0]": 1.0,
    "x[42,49,2,0]": 1.0,
    "x[49,32,2,0]": 1.0,
    "x[0,42,2,0]": 1.0,
    "x[33,51,2,1]": 1.0,
    "x[0,33,2,1]": 1.0,
    "x[28,51,2,2]": 1.0,
    "x[0,28,2,2]": 1.0,
    "x[1,51,2,3]": 1.0,
    "x[0,1,2,3]": 1.0,
    "x[23,51,2,4]": 1.0,
    "x[0,23,2,4]": 1.0,
    "x[5,51,2,5]": 1.0,
    "x[0,5,2,5]": 1.0,
    "x[36,51,2,6]": 1.0,
    "x[0,36,2,6]": 1.0,
    "x[27,51,2,7]": 1.0,
    "x[0,27,2,7]": 1.0,
    "x[26,51,2,8]": 1.0,
    "x[0,26,2,8]": 1.0,
    "x[9,51,2,9]": 1.0,
    "x[0,9,2,9]": 1.0,
    "x[2,51,2,10]": 1.0,
    "x[0,2,2,10]": 1.0,
    "x[29,45,2,11]": 1.0,
    "x[45,51,2,11]": 1.0,
    "x[0,29,2,11]": 1.0,
    "x[6,51,2,12]": 1.0,
    "x[0,6,2,12]": 1.0,
    "x[13,51,2,13]": 1.0,
    "x[0,13,2,13]": 1.0
  },
  "y": {
    "y[48,51,0,0]": 1.0,
    "y[0,48,0,0]": 1.0,
    "y[4,51,1,0]": 1.0,
    "y[0,4,1,0]": 1.0
  },
  "T1": {},
  "T": {
    "T[0,0]": 4.767835476961543,
    "T[1,0]": 7.133642030878706
  },
  "A": {
    "A[0]": 241.75355424739644,
    "A[1]": 21.162836285231947,
    "A[2]": 237.86658006146686
  },
  "B": {
    "B[0]": 4.767835476961543,
    "B[1]": 7.133642030878706
  },
  "L_w": 60,
  "L_d": 11.666666667,
  "staff_velocity": 0.583334783,
  "drone_velocity": 1.166669566,
  "M_t": 2800,
  "M_d": 5,
  "num_staff": 3,
  "num_drone": 3,
  "use_ejection": true,
  "use_inter": true,
  "use_intra": true,
  "solver": "CPLEX",
  "solver_log": false,
  "num_worker": -1,
  "time_limit": 36000,
  "model_params": {},
  "Optimal": 241.75355424739644,
  "Solve_Time": 36006.28675556183,
  "num_constraint": 553007,
  "Number of variables": 551491,
  "status": "FEASIBLE"
}