{
  "x": {
    "x[5,19,0,0]": 1.0,
    "x[6,15,0,0]": 1.0,
    "x[8,21,0,0]": 1.0,
    "x[14,5,0,0]": 1.0,
    "x[15,8,0,0]": 1.0,
    "x[19,6,0,0]": 1.0,
    "x[0,14,0,0]": 1.0,
    "x[2,21,1,0]": 1.0,
    "x[11,20,1,0]": 1.0,
    "x[16,2,1,0]": 1.0,
    "x[20,16,1,0]": 1.0,
    "x[0,11,1,0]": 1.0,
    "x[1,19,1,1]": 2.9750776425289793e-09,
    "x[19,1,1,1]": 2.9750776425289793e-09
  },
  "y": {
    "y[3,21,0,0]": 1.0,
    "y[10,3,0,0]": 1.0,
    "y[0,10,0,0]": 1.0,
    "y[13,21,0,1]": 1.0,
    "y[0,13,0,1]": 1.0,
    "y[1,21,0,2]": 1.0,
    "y[5,21,0,2]": 2.794659028211201e-10,
    "y[0,1,0,2]": 1.0,
    "y[9,17,1,0]": 1.0,
    "y[12,9,1,0]": 1.0,
    "y[17,21,1,0]": 1.0,
    "y[0,12,1,0]": 1.0,
    "y[4,7,1,1]": 1.0,
    "y[7,18,1,1]": 1.0,
    "y[18,21,1,1]": 1.0,
    "y[0,4,1,1]": 1.0,
    "y[14,21,1,2]": 2.695611739707859e-09,
    "y[20,21,1,2]": 3.390188302840226e-09,
    "y[0,20,1,2]": 3.390188302840226e-09,
    "y[14,19,1,3]": 3.390188302840226e-09,
    "y[19,21,1,3]": 3.390188302840226e-09,
    "y[0,14,1,3]": 3.390188302840226e-09
  },
  "T1": {},
  "T": {
    "T[0,0]": 9.820906748862278,
    "T[0,1]": 4.259621120531229,
    "T[0,2]": 6.185068501754517,
    "T[1,0]": 11.354534176560595,
    "T[1,1]": 10.021664436022323,
    "T[1,3]": 2.8255069136625143e-08
  },
  "A": {
    "A[0]": 21.43203009308172,
    "A[1]": 21.757988563401522
  },
  "B": {
    "B[0]": 20.265596371148025,
    "B[1]": 21.37619861058292
  },
  "L_w": 60,
  "L_d": 11.666666667,
  "staff_velocity": 0.583334783,
  "drone_velocity": 1.166669566,
  "M_t": 2800,
  "M_d": 5,
  "num_staff": 2,
  "num_drone": 2,
  "use_ejection": true,
  "use_inter": true,
  "use_intra": true,
  "solver": "CPLEX",
  "solver_log": false,
  "num_worker": -1,
  "time_limit": 36000,
  "model_params": {},
  "Optimal": 21.757988563401522,
  "Solve_Time": 36120.27303099632,
  "num_constraint": 33629,
  "Number of variables": 33161,
  "status": "FEASIBLE"
}