{
  "x": {
    "x[6,10,0,0]": 1.0,
    "x[9,6,0,0]": 1.0,
    "x[10,12,0,0]": 1.0,
    "x[12,13,0,0]": 1.0,
    "x[0,9,0,0]": 1.0,
    "x[2,13,0,1]": 1.0,
    "x[4,11,0,1]": 1.0,
    "x[7,2,0,1]": 1.0,
    "x[11,7,0,1]": 1.0,
    "x[0,4,0,1]": 1.0
  },
  "y": {
    "y[3,13,0,0]": 1.0,
    "y[8,3,0,0]": 1.0,
    "y[0,8,0,0]": 1.0,
    "y[1,13,0,1]": 1.0,
    "y[0,1,0,1]": 1.0,
    "y[5,13,0,2]": 1.0,
    "y[0,5,0,2]": 1.0
  },
  "T1": {},
  "T": {
    "T[0,0]": 9.372111788636605,
    "T[0,1]": 10.717590690308402,
    "T[0,2]": 5.462357151667977
  },
  "A": {
    "A[0]": 137.34370174115594
  },
  "B": {
    "B[0]": 25.552059630612984
  },
  "L_w": 60,
  "L_d": 11.666666667,
  "staff_velocity": 0.583334783,
  "drone_velocity": 1.166669566,
  "M_t": 1400,
  "M_d": 5,
  "num_staff": 1,
  "num_drone": 1,
  "use_ejection": true,
  "use_inter": true,
  "use_intra": true,
  "solver": "CPLEX",
  "solver_log": false,
  "num_worker": -1,
  "time_limit": 36000,
  "model_params": {},
  "Optimal": 137.34370174115594,
  "Solve_Time": 1.9641146659851074,
  "num_constraint": 3859,
  "Number of variables": 3709,
  "status": "OPTIMAL"
}