{
  "x": {
    "x[1,3,0,0]": 1.0,
    "x[2,1,0,0]": 1.0,
    "x[3,5,0,0]": 1.0,
    "x[5,7,0,0]": 1.0,
    "x[0,2,0,0]": 1.0
  },
  "y": {
    "y[4,7,0,0]": 1.0,
    "y[0,4,0,0]": 1.0,
    "y[6,7,0,1]": 1.0,
    "y[0,6,0,1]": 1.0
  },
  "T1": {},
  "T": {
    "T[0,0]": 4.46520866667271,
    "T[0,1]": 7.823676377149051
  },
  "A": {
    "A[0]": 74.77802246239288
  },
  "B": {
    "B[0]": 12.288885043821761
  },
  "L_w": 60,
  "L_d": 11.666666667,
  "staff_velocity": 0.583334783,
  "drone_velocity": 1.166669566,
  "M_t": 1400,
  "M_d": 5,
  "num_staff": 1,
  "num_drone": 1,
  "use_ejection": true,
  "use_inter": true,
  "use_intra": true,
  "solver": "CPLEX",
  "solver_log": false,
  "num_worker": -1,
  "time_limit": 36000,
  "model_params": {},
  "Optimal": 74.77802246239288,
  "Solve_Time": 0.11999917030334473,
  "num_constraint": 719,
  "Number of variables": 641,
  "status": "OPTIMAL"
}