{
  "x": {
    "x[2,11,0,0]": 1.0,
    "x[5,2,0,0]": 1.0,
    "x[0,5,0,0]": 1.0
  },
  "y": {
    "y[4,7,0,0]": 1.0,
    "y[7,11,0,0]": 1.0,
    "y[0,4,0,0]": 1.0,
    "y[1,3,0,1]": 1.0,
    "y[3,11,0,1]": 1.0,
    "y[10,1,0,1]": 1.0,
    "y[0,10,0,1]": 1.0,
    "y[6,9,0,2]": 1.0,
    "y[8,11,0,2]": 1.0,
    "y[9,8,0,2]": 1.0,
    "y[0,6,0,2]": 1.0
  },
  "T1": {},
  "T": {
    "T[0,0]": 7.860751392833378,
    "T[0,1]": 10.619554062323537,
    "T[0,2]": 10.158039466361632
  },
  "A": {
    "A[0]": 33.445462221172164
  },
  "B": {
    "B[0]": 28.63834492151855
  },
  "L_w": 60,
  "L_d": 11.666666667,
  "staff_velocity": 0.583334783,
  "drone_velocity": 1.166669566,
  "M_t": 1400,
  "M_d": 5,
  "num_staff": 1,
  "num_drone": 1,
  "use_ejection": true,
  "use_inter": true,
  "use_intra": true,
  "solver": "CPLEX",
  "solver_log": false,
  "num_worker": -1,
  "time_limit": 36000,
  "model_params": {},
  "Optimal": 33.445462221172164,
  "Solve_Time": 2.4171509742736816,
  "num_constraint": 2053,
  "Number of variables": 1935,
  "status": "OPTIMAL"
}