{
  "x": {
    "x[1,11,0,0]": 1.0,
    "x[4,10,0,0]": 1.0,
    "x[9,1,0,0]": 1.0,
    "x[10,9,0,0]": 1.0,
    "x[0,4,0,0]": 1.0
  },
  "y": {
    "y[5,11,0,0]": 1.0,
    "y[0,5,0,0]": 1.0,
    "y[2,11,0,1]": 1.0,
    "y[3,6,0,1]": 1.0,
    "y[6,2,0,1]": 1.0,
    "y[0,3,0,1]": 1.0,
    "y[7,8,0,2]": 1.0,
    "y[8,11,0,2]": 1.0,
    "y[0,7,0,2]": 1.0
  },
  "T1": {},
  "T": {
    "T[0,0]": 2.463265781121972,
    "T[0,1]": 4.741347977504575,
    "T[0,2]": 5.7235608945688
  },
  "A": {
    "A[0]": 12.771468909569736
  },
  "B": {
    "B[0]": 12.928174653195347
  },
  "L_w": 60,
  "L_d": 11.666666667,
  "staff_velocity": 0.583334783,
  "drone_velocity": 1.166669566,
  "M_t": 1400,
  "M_d": 5,
  "num_staff": 1,
  "num_drone": 1,
  "use_ejection": true,
  "use_inter": true,
  "use_intra": true,
  "solver": "CPLEX",
  "solver_log": false,
  "num_worker": -1,
  "time_limit": 36000,
  "model_params": {},
  "Optimal": 12.928174653195347,
  "Solve_Time": 0.5820589065551758,
  "num_constraint": 2053,
  "Number of variables": 1935,
  "status": "OPTIMAL"
}