{
  "x": {
    "x[8,14,0,0]": 1.0,
    "x[13,20,0,0]": 1.0,
    "x[14,21,0,0]": 1.0,
    "x[18,13,0,0]": 1.0,
    "x[20,8,0,0]": 1.0,
    "x[0,18,0,0]": 1.0,
    "x[10,17,0,1]": 1.0,
    "x[17,21,0,1]": 1.0,
    "x[0,10,0,1]": 1.0,
    "x[1,21,1,0]": 1.0,
    "x[3,6,1,0]": 1.0,
    "x[4,11,1,0]": 1.0,
    "x[6,16,1,0]": 1.0,
    "x[7,1,1,0]": 1.0,
    "x[11,19,1,0]": 1.0,
    "x[16,7,1,0]": 1.0,
    "x[19,3,1,0]": 1.0,
    "x[0,4,1,0]": 1.0
  },
  "y": {
    "y[12,15,0,0]": 1.0,
    "y[15,21,0,0]": 1.0,
    "y[0,12,0,0]": 1.0,
    "y[2,21,0,1]": 1.0,
    "y[0,2,0,1]": 1.0,
    "y[9,21,0,2]": 1.0,
    "y[0,9,0,2]": 1.0,
    "y[5,21,0,3]": 1.0,
    "y[0,5,0,3]": 1.0
  },
  "T1": {},
  "T": {
    "T[0,0]": 10.873932551490698,
    "T[0,1]": 10.864767361267218,
    "T[0,2]": 7.992475684360789,
    "T[0,3]": 11.615185945100022
  },
  "A": {
    "A[0]": 84.65801804411251,
    "A[1]": 81.57371345185035
  },
  "B": {
    "B[0]": 41.34636154221873
  },
  "L_w": 60,
  "L_d": 11.666666667,
  "staff_velocity": 0.583334783,
  "drone_velocity": 1.166669566,
  "M_t": 2800,
  "M_d": 5,
  "num_staff": 2,
  "num_drone": 2,
  "use_ejection": true,
  "use_inter": true,
  "use_intra": true,
  "solver": "CPLEX",
  "solver_log": false,
  "num_worker": -1,
  "time_limit": 36000,
  "model_params": {},
  "Optimal": 84.65801804411251,
  "Solve_Time": 36172.44885993004,
  "num_constraint": 33629,
  "Number of variables": 33161,
  "status": "FEASIBLE"
}