{
  "x": {
    "x[21,42,0,0]": 1.0,
    "x[42,51,0,0]": 1.0,
    "x[0,21,0,0]": 1.0,
    "x[9,28,1,0]": 1.0,
    "x[28,51,1,0]": 1.0,
    "x[0,9,1,0]": 1.0,
    "x[11,23,1,1]": 1.0,
    "x[23,51,1,1]": 1.0,
    "x[0,11,1,1]": 1.0,
    "x[43,51,1,2]": 1.0,
    "x[0,43,1,2]": 1.0,
    "x[10,51,1,3]": 1.0,
    "x[0,10,1,3]": 1.0,
    "x[35,51,1,4]": 1.0,
    "x[0,35,1,4]": 1.0,
    "x[2,51,1,5]": 1.0,
    "x[0,2,1,5]": 1.0,
    "x[37,51,2,0]": 1.0,
    "x[0,37,2,0]": 1.0,
    "x[15,51,2,1]": 1.0,
    "x[0,15,2,1]": 1.0,
    "x[41,51,2,2]": 1.0,
    "x[0,41,2,2]": 1.0,
    "x[18,51,2,3]": 1.0,
    "x[0,18,2,3]": 1.0,
    "x[49,51,2,4]": 1.0,
    "x[0,49,2,4]": 1.0,
    "x[7,51,2,5]": 1.0,
    "x[0,7,2,5]": 1.0,
    "x[34,51,2,6]": 1.0,
    "x[0,34,2,6]": 1.0,
    "x[27,51,2,7]": 1.0,
    "x[0,27,2,7]": 1.0,
    "x[38,51,2,8]": 1.0,
    "x[0,38,2,8]": 1.0,
    "x[22,51,2,9]": 1.0,
    "x[0,22,2,9]": 1.0,
    "x[48,51,2,10]": 1.0,
    "x[0,48,2,10]": 1.0,
    "x[17,51,2,11]": 1.0,
    "x[0,17,2,11]": 1.0,
    "x[36,51,2,12]": 1.0,
    "x[0,36,2,12]": 1.0,
    "x[12,51,2,13]": 1.0,
    "x[0,12,2,13]": 1.0,
    "x[14,51,2,14]": 1.0,
    "x[0,14,2,14]": 1.0,
    "x[24,51,2,15]": 1.0,
    "x[0,24,2,15]": 1.0,
    "x[4,51,2,16]": 1.0,
    "x[0,4,2,16]": 1.0,
    "x[47,51,2,17]": 1.0,
    "x[0,47,2,17]": 1.0,
    "x[33,51,2,18]": 1.0,
    "x[0,33,2,18]": 1.0,
    "x[44,51,2,19]": 1.0,
    "x[0,44,2,19]": 1.0,
    "x[46,51,2,20]": 1.0,
    "x[0,46,2,20]": 1.0,
    "x[1,51,2,21]": 1.0,
    "x[0,1,2,21]": 1.0,
    "x[45,51,2,22]": 1.0,
    "x[0,45,2,22]": 1.0,
    "x[31,51,2,23]": 1.0,
    "x[0,31,2,23]": 1.0,
    "x[6,51,2,24]": 1.0,
    "x[0,6,2,24]": 1.0,
    "x[8,51,2,25]": 1.0,
    "x[0,8,2,25]": 1.0,
    "x[5,51,2,26]": 1.0,
    "x[0,5,2,26]": 1.0,
    "x[13,51,2,27]": 1.0,
    "x[0,13,2,27]": 1.0,
    "x[20,51,2,28]": 1.0,
    "x[0,20,2,28]": 1.0,
    "x[3,51,2,29]": 1.0,
    "x[0,3,2,29]": 1.0,
    "x[50,51,2,30]": 1.0,
    "x[0,50,2,30]": 1.0,
    "x[39,51,2,31]": 1.0,
    "x[0,39,2,31]": 1.0,
    "x[25,51,2,32]": 1.0,
    "x[0,25,2,32]": 1.0,
    "x[29,51,2,33]": 1.0,
    "x[0,29,2,33]": 1.0,
    "x[30,51,2,34]": 1.0,
    "x[0,30,2,34]": 1.0,
    "x[26,51,2,35]": 1.0,
    "x[0,26,2,35]": 1.0,
    "x[16,51,2,36]": 1.0,
    "x[0,16,2,36]": 1.0,
    "x[19,51,2,37]": 1.0,
    "x[32,40,2,37]": 1.0,
    "x[40,19,2,37]": 1.0,
    "x[0,32,2,37]": 1.0
  },
  "y": {},
  "T1": {},
  "T": {},
  "A": {
    "A[0]": 81.2583438193621,
    "A[1]": 252.58176091239082,
    "A[2]": 861.8865027396332
  },
  "B": {},
  "L_w": 60,
  "L_d": 11.666666667,
  "staff_velocity": 0.583334783,
  "drone_velocity": 1.166669566,
  "M_t": 2800,
  "M_d": 5,
  "num_staff": 3,
  "num_drone": 3,
  "use_ejection": true,
  "use_inter": true,
  "use_intra": true,
  "solver": "CPLEX",
  "solver_log": false,
  "num_worker": -1,
  "time_limit": 36000,
  "model_params": {},
  "Optimal": 861.886502739633,
  "Solve_Time": 36008.15486454964,
  "num_constraint": 609815,
  "Number of variables": 608227,
  "status": "FEASIBLE"
}