{
  "x": {
    "x[4,11,0,0]": 1.0,
    "x[0,4,0,0]": 1.0,
    "x[1,11,0,1]": 1.0,
    "x[2,6,0,1]": 1.0,
    "x[3,9,0,1]": 1.0,
    "x[5,2,0,1]": 1.0,
    "x[6,1,0,1]": 1.0,
    "x[7,5,0,1]": 1.0,
    "x[9,7,0,1]": 1.0,
    "x[0,3,0,1]": 1.0
  },
  "y": {
    "y[8,11,0,0]": 1.0,
    "y[10,8,0,0]": 1.0,
    "y[0,10,0,0]": 1.0
  },
  "T1": {},
  "T": {
    "T[0,0]": 9.664635813688909
  },
  "A": {
    "A[0]": 107.81447360469272
  },
  "B": {
    "B[0]": 9.664635813688909
  },
  "L_w": 60,
  "L_d": 11.666666667,
  "staff_velocity": 0.583334783,
  "drone_velocity": 1.166669566,
  "M_t": 1400,
  "M_d": 5,
  "num_staff": 1,
  "num_drone": 1,
  "use_ejection": true,
  "use_inter": true,
  "use_intra": true,
  "solver": "CPLEX",
  "solver_log": false,
  "num_worker": -1,
  "time_limit": 36000,
  "model_params": {},
  "Optimal": 107.81447360469272,
  "Solve_Time": 0.530005693435669,
  "num_constraint": 2053,
  "Number of variables": 1935,
  "status": "OPTIMAL"
}