{
  "x": {
    "x[12,51,0,0]": 1.0,
    "x[0,12,0,0]": 1.0,
    "x[32,51,0,1]": 1.0,
    "x[0,32,0,1]": 1.0,
    "x[26,51,0,2]": 1.0,
    "x[0,26,0,2]": 1.0,
    "x[18,51,0,3]": 1.0,
    "x[0,18,0,3]": 1.0,
    "x[14,51,0,4]": 1.0,
    "x[0,14,0,4]": 1.0,
    "x[33,51,0,5]": 1.0,
    "x[0,33,0,5]": 1.0,
    "x[11,51,0,6]": 1.0,
    "x[0,11,0,6]": 1.0,
    "x[30,51,0,7]": 1.0,
    "x[0,30,0,7]": 1.0,
    "x[34,51,0,8]": 1.0,
    "x[0,34,0,8]": 1.0,
    "x[40,51,0,9]": 1.0,
    "x[0,40,0,9]": 1.0,
    "x[43,51,0,10]": 1.0,
    "x[0,43,0,10]": 1.0,
    "x[31,51,0,11]": 1.0,
    "x[0,31,0,11]": 1.0,
    "x[17,51,0,12]": 1.0,
    "x[0,17,0,12]": 1.0,
    "x[4,51,0,13]": 1.0,
    "x[16,4,0,13]": 1.0,
    "x[0,16,0,13]": 1.0,
    "x[15,51,0,14]": 1.0,
    "x[0,15,0,14]": 1.0,
    "x[20,27,0,15]": 1.0,
    "x[27,51,0,15]": 1.0,
    "x[0,20,0,15]": 1.0,
    "x[3,51,1,0]": 1.0,
    "x[0,3,1,0]": 1.0,
    "x[35,51,1,1]": 1.0,
    "x[0,35,1,1]": 1.0,
    "x[38,47,1,2]": 1.0,
    "x[47,51,1,2]": 1.0,
    "x[0,38,1,2]": 1.0,
    "x[48,51,1,3]": 1.0,
    "x[49,48,1,3]": 1.0,
    "x[0,49,1,3]": 1.0,
    "x[25,51,1,4]": 1.0,
    "x[0,25,1,4]": 1.0,
    "x[2,51,1,5]": 1.0,
    "x[0,2,1,5]": 1.0,
    "x[42,51,1,6]": 1.0,
    "x[0,42,1,6]": 1.0,
    "x[37,51,1,7]": 1.0,
    "x[0,37,1,7]": 1.0,
    "x[45,51,1,8]": 1.0,
    "x[0,45,1,8]": 1.0,
    "x[24,51,1,9]": 1.0,
    "x[0,24,1,9]": 1.0,
    "x[41,51,1,10]": 1.0,
    "x[0,41,1,10]": 1.0,
    "x[23,51,2,0]": 1.0,
    "x[0,23,2,0]": 1.0,
    "x[22,51,2,1]": 1.0,
    "x[0,22,2,1]": 1.0,
    "x[9,51,2,2]": 1.0,
    "x[0,9,2,2]": 1.0,
    "x[8,51,2,3]": 1.0,
    "x[0,8,2,3]": 1.0,
    "x[10,51,2,4]": 1.0,
    "x[0,10,2,4]": 1.0,
    "x[21,51,2,5]": 1.0,
    "x[0,21,2,5]": 1.0,
    "x[44,51,2,6]": 1.0,
    "x[0,44,2,6]": 1.0,
    "x[19,51,2,7]": 1.0,
    "x[0,19,2,7]": 1.0,
    "x[50,51,2,8]": 1.0,
    "x[0,50,2,8]": 1.0,
    "x[29,51,2,9]": 1.0,
    "x[0,29,2,9]": 1.0,
    "x[46,51,2,10]": 1.0,
    "x[0,46,2,10]": 1.0,
    "x[7,39,2,11]": 1.0,
    "x[39,51,2,11]": 1.0,
    "x[0,7,2,11]": 1.0,
    "x[6,28,2,12]": 1.0,
    "x[28,51,2,12]": 1.0,
    "x[0,6,2,12]": 1.0,
    "x[5,51,2,13]": 1.0,
    "x[0,5,2,13]": 1.0,
    "x[1,51,2,14]": 1.0,
    "x[13,1,2,14]": 1.0,
    "x[0,13,2,14]": 1.0,
    "x[36,51,2,15]": 1.0,
    "x[0,36,2,15]": 1.0
  },
  "y": {},
  "T1": {},
  "T": {},
  "A": {
    "A[0]": 771.0752516158792,
    "A[1]": 767.2414871779055,
    "A[2]": 760.549548444362
  },
  "B": {},
  "L_w": 60,
  "L_d": 11.666666667,
  "staff_velocity": 0.583334783,
  "drone_velocity": 1.166669566,
  "M_t": 2800,
  "M_d": 5,
  "num_staff": 3,
  "num_drone": 3,
  "use_ejection": true,
  "use_inter": true,
  "use_intra": true,
  "solver": "CPLEX",
  "solver_log": false,
  "num_worker": -1,
  "time_limit": 36000,
  "model_params": {},
  "Optimal": 771.0752516158792,
  "Solve_Time": 36001.500863075256,
  "num_constraint": 403583,
  "Number of variables": 402463,
  "status": "FEASIBLE"
}