{
  "x": {
    "x[2,9,0,0]": 1.0,
    "x[8,2,0,0]": 1.0,
    "x[9,10,0,0]": 1.0,
    "x[10,13,0,0]": 1.0,
    "x[12,8,0,0]": 1.0,
    "x[0,12,0,0]": 1.0
  },
  "y": {
    "y[4,5,0,0]": 1.0,
    "y[5,13,0,0]": 1.0,
    "y[0,4,0,0]": 1.0,
    "y[1,7,0,1]": 1.0,
    "y[7,13,0,1]": 1.0,
    "y[11,1,0,1]": 1.0,
    "y[0,11,0,1]": 1.0,
    "y[3,13,0,2]": 1.0,
    "y[6,3,0,2]": 1.0,
    "y[0,6,0,2]": 1.0
  },
  "T1": {},
  "T": {
    "T[0,0]": 11.234110355248955,
    "T[0,1]": 6.978935174297948,
    "T[0,2]": 10.452926230293112
  },
  "A": {
    "A[0]": 27.664250566463696
  },
  "B": {
    "B[0]": 28.665971759840016
  },
  "L_w": 60,
  "L_d": 11.666666667,
  "staff_velocity": 0.583334783,
  "drone_velocity": 1.166669566,
  "M_t": 1400,
  "M_d": 5,
  "num_staff": 1,
  "num_drone": 1,
  "use_ejection": true,
  "use_inter": true,
  "use_intra": true,
  "solver": "CPLEX",
  "solver_log": false,
  "num_worker": -1,
  "time_limit": 36000,
  "model_params": {},
  "Optimal": 28.665971759840016,
  "Solve_Time": 6.80256986618042,
  "num_constraint": 3475,
  "Number of variables": 3331,
  "status": "OPTIMAL"
}