{
  "x": {
    "x[1,6,0,0]": 1.0,
    "x[4,21,0,0]": 1.0,
    "x[6,4,0,0]": 1.0,
    "x[8,14,0,0]": 0.999999999942946,
    "x[14,1,0,0]": 0.999999999942946,
    "x[0,8,0,0]": 1.0,
    "x[3,16,0,5]": 3.147668212466919e-10,
    "x[11,21,0,5]": 6.295336424933838e-10,
    "x[16,3,0,5]": 3.147668212466919e-10,
    "x[19,6,0,5]": 6.295336424933838e-10,
    "x[5,15,0,7]": 3.147668212466919e-10,
    "x[6,9,0,7]": 3.147668212466919e-10,
    "x[8,6,0,7]": 3.147668212466919e-10,
    "x[15,21,0,7]": 3.147668212466919e-10,
    "x[1,21,0,10]": 3.147668212466919e-10,
    "x[15,9,0,14]": 3.147668212466919e-10,
    "x[3,16,1,0]": 1.0,
    "x[11,3,1,0]": 1.0,
    "x[15,21,1,0]": 3.3752609246167156e-09,
    "x[16,19,1,0]": 1.0,
    "x[19,20,1,0]": 1.0,
    "x[20,21,1,0]": 1.0,
    "x[0,11,1,0]": 1.0,
    "x[0,15,1,0]": 3.3752609246167156e-09,
    "x[1,6,1,2]": 1.7079605921897252e-09,
    "x[2,21,1,2]": 1.7079605921897252e-09,
    "x[6,1,1,2]": 1.7079605921897252e-09,
    "x[6,9,1,2]": 1.7079605921897252e-09,
    "x[9,2,1,2]": 1.7079605921897252e-09,
    "x[0,6,1,2]": 1.7079605921897252e-09,
    "x[9,21,1,8]": 3.07861280942668e-11,
    "x[0,9,1,8]": 3.07861280942668e-11,
    "x[2,15,1,9]": 1.9342897720725798e-10,
    "x[2,21,1,9]": 3.07861280942668e-11,
    "x[15,2,1,9]": 1.9342897720725798e-10,
    "x[0,2,1,9]": 3.07861280942668e-11,
    "x[2,21,1,10]": 3.07861280942668e-11,
    "x[0,2,1,10]": 3.07861280942668e-11,
    "x[2,15,1,11]": 1.981613237980252e-10,
    "x[15,2,1,11]": 1.6737519570375838e-10,
    "x[15,21,1,11]": 3.07861280942668e-11,
    "x[0,2,1,11]": 3.07861280942668e-11
  },
  "y": {
    "y[12,17,0,0]": 1.0,
    "y[17,21,0,0]": 1.0,
    "y[18,12,0,0]": 1.0,
    "y[0,18,0,0]": 1.0,
    "y[2,21,0,1]": 1.0,
    "y[5,2,0,1]": 1.0,
    "y[13,15,0,1]": 1.0,
    "y[15,5,0,1]": 1.0,
    "y[0,13,0,1]": 1.0,
    "y[2,15,1,0]": 1.5289045964798663e-09,
    "y[7,21,1,0]": 1.0,
    "y[8,4,1,0]": 5.705397726293651e-11,
    "y[10,7,1,0]": 1.0,
    "y[14,15,1,0]": 5.705397726293651e-11,
    "y[15,2,1,0]": 1.5289045964798663e-09,
    "y[15,8,1,0]": 5.705397726293651e-11,
    "y[15,14,1,0]": 5.705397726293651e-11,
    "y[0,10,1,0]": 1.0,
    "y[9,21,1,1]": 1.0,
    "y[0,9,1,1]": 1.0
  },
  "T1": {},
  "T": {
    "T[0,0]": 8.151436189683208,
    "T[0,1]": 11.44601098998028,
    "T[1,0]": 10.839842701788434,
    "T[1,1]": 9.00502459010721
  },
  "A": {
    "A[0]": 18.720347332272326,
    "A[1]": 18.776047019048256
  },
  "B": {
    "B[0]": 19.59744717966349,
    "B[1]": 19.844867291895646
  },
  "L_w": 60,
  "L_d": 11.666666667,
  "staff_velocity": 0.583334783,
  "drone_velocity": 1.166669566,
  "M_t": 2800,
  "M_d": 5,
  "num_staff": 2,
  "num_drone": 2,
  "use_ejection": true,
  "use_inter": true,
  "use_intra": true,
  "solver": "CPLEX",
  "solver_log": false,
  "num_worker": -1,
  "time_limit": 36000,
  "model_params": {},
  "Optimal": 19.844867291895646,
  "Solve_Time": 36087.4070019722,
  "num_constraint": 29405,
  "Number of variables": 28961,
  "status": "FEASIBLE"
}