{
  "x": {
    "x[9,21,0,0]": 1.0,
    "x[0,9,0,0]": 1.0,
    "x[15,21,1,0]": 1.0,
    "x[0,15,1,0]": 1.0,
    "x[1,21,1,1]": 1.0,
    "x[7,19,1,1]": 1.0,
    "x[19,1,1,1]": 1.0,
    "x[0,7,1,1]": 1.0
  },
  "y": {
    "y[5,6,0,0]": 1.0,
    "y[6,21,0,0]": 1.0,
    "y[0,5,0,0]": 1.0,
    "y[11,13,0,1]": 1.0,
    "y[13,21,0,1]": 1.0,
    "y[0,11,0,1]": 1.0,
    "y[8,21,0,2]": 1.0,
    "y[20,8,0,2]": 1.0,
    "y[0,20,0,2]": 1.0,
    "y[12,14,1,0]": 1.0,
    "y[14,18,1,0]": 1.0,
    "y[18,21,1,0]": 1.0,
    "y[0,12,1,0]": 1.0,
    "y[2,17,1,1]": 1.0,
    "y[3,2,1,1]": 1.0,
    "y[10,3,1,1]": 1.0,
    "y[16,10,1,1]": 1.0,
    "y[17,21,1,1]": 1.0,
    "y[0,16,1,1]": 1.0,
    "y[4,21,1,2]": 1.0,
    "y[0,4,1,2]": 1.0
  },
  "T1": {},
  "T": {
    "T[0,0]": 9.040880293398136,
    "T[0,1]": 8.979993101483771,
    "T[0,2]": 7.657360690095535,
    "T[1,0]": 11.526833495834614,
    "T[1,1]": 11.212834303437909,
    "T[1,2]": 2.404476776116889
  },
  "A": {
    "A[0]": 17.753033459874526,
    "A[1]": 25.158862069416248
  },
  "B": {
    "B[0]": 25.67823408497744,
    "B[1]": 25.14414457538941
  },
  "L_w": 60,
  "L_d": 11.666666667,
  "staff_velocity": 0.583334783,
  "drone_velocity": 1.166669566,
  "M_t": 2800,
  "M_d": 5,
  "num_staff": 2,
  "num_drone": 2,
  "use_ejection": true,
  "use_inter": true,
  "use_intra": true,
  "solver": "CPLEX",
  "solver_log": false,
  "num_worker": -1,
  "time_limit": 3600,
  "model_params": {},
  "Optimal": 25.678234084977444,
  "Solve_Time": 3622.269457578659,
  "num_constraint": 33629,
  "Number of variables": 33161,
  "status": "FEASIBLE"
}