{
  "x": {
    "x[3,11,0,0]": 1.0,
    "x[9,3,0,0]": 1.0,
    "x[0,9,0,0]": 1.0
  },
  "y": {
    "y[2,5,0,0]": 1.0,
    "y[4,11,0,0]": 1.0,
    "y[5,4,0,0]": 1.0,
    "y[10,2,0,0]": 1.0,
    "y[0,10,0,0]": 1.0,
    "y[1,11,0,1]": 1.0,
    "y[6,8,0,1]": 1.0,
    "y[7,1,0,1]": 1.0,
    "y[8,7,0,1]": 1.0,
    "y[0,6,0,1]": 1.0
  },
  "T1": {},
  "T": {
    "T[0,0]": 10.805789620637455,
    "T[0,1]": 11.16345442748002
  },
  "A": {
    "A[0]": 22.660555094722085
  },
  "B": {
    "B[0]": 21.969244048117474
  },
  "L_w": 60,
  "L_d": 11.666666667,
  "staff_velocity": 0.583334783,
  "drone_velocity": 1.166669566,
  "M_t": 1400,
  "M_d": 5,
  "num_staff": 1,
  "num_drone": 1,
  "use_ejection": true,
  "use_inter": true,
  "use_intra": true,
  "solver": "CPLEX",
  "solver_log": false,
  "num_worker": -1,
  "time_limit": 36000,
  "model_params": {},
  "Optimal": 22.660555094722085,
  "Solve_Time": 0.4999196529388428,
  "num_constraint": 2315,
  "Number of variables": 2191,
  "status": "OPTIMAL"
}