{
  "x": {
    "x[2,8,0,0]": 1.0,
    "x[8,11,0,0]": 1.0,
    "x[10,2,0,0]": 1.0,
    "x[0,10,0,0]": 1.0
  },
  "y": {
    "y[1,5,0,0]": 1.0,
    "y[3,4,0,0]": 1.0,
    "y[4,11,0,0]": 1.0,
    "y[5,3,0,0]": 1.0,
    "y[9,1,0,0]": 1.0,
    "y[0,9,0,0]": 1.0,
    "y[6,7,0,1]": 1.0,
    "y[7,11,0,1]": 1.0,
    "y[0,6,0,1]": 1.0
  },
  "T1": {},
  "T": {
    "T[0,0]": 6.410710632731332,
    "T[0,1]": 5.409351794941764
  },
  "A": {
    "A[0]": 11.474876122006423
  },
  "B": {
    "B[0]": 11.820062427673097
  },
  "L_w": 60,
  "L_d": 11.666666667,
  "staff_velocity": 0.583334783,
  "drone_velocity": 1.166669566,
  "M_t": 1400,
  "M_d": 5,
  "num_staff": 1,
  "num_drone": 1,
  "use_ejection": true,
  "use_inter": true,
  "use_intra": true,
  "solver": "CPLEX",
  "solver_log": false,
  "num_worker": -1,
  "time_limit": 36000,
  "model_params": {},
  "Optimal": 11.820062427673097,
  "Solve_Time": 3.5377373695373535,
  "num_constraint": 2315,
  "Number of variables": 2191,
  "status": "OPTIMAL"
}