{
  "x": {
    "x[1,7,0,0]": 1.0,
    "x[4,1,0,0]": 1.0,
    "x[6,4,0,0]": 1.0,
    "x[0,6,0,0]": 1.0
  },
  "y": {
    "y[2,7,0,0]": 1.0,
    "y[3,2,0,0]": 1.0,
    "y[5,3,0,0]": 1.0,
    "y[0,5,0,0]": 1.0
  },
  "T1": {},
  "T": {
    "T[0,0]": 8.956208683924014
  },
  "A": {
    "A[0]": 9.66618871657846
  },
  "B": {
    "B[0]": 8.956208683924014
  },
  "L_w": 60,
  "L_d": 11.666666667,
  "staff_velocity": 0.583334783,
  "drone_velocity": 1.166669566,
  "M_t": 1400,
  "M_d": 5,
  "num_staff": 1,
  "num_drone": 1,
  "use_ejection": true,
  "use_inter": true,
  "use_intra": true,
  "solver": "CPLEX",
  "solver_log": false,
  "num_worker": -1,
  "time_limit": 36000,
  "model_params": {},
  "Optimal": 9.66618871657846,
  "Solve_Time": 0.11400032043457031,
  "num_constraint": 595,
  "Number of variables": 523,
  "status": "OPTIMAL"
}