{
  "x": {
    "x[6,10,0,0]": 1.0,
    "x[10,15,0,0]": 1.0,
    "x[12,21,0,0]": 1.0,
    "x[15,20,0,0]": 1.0,
    "x[20,12,0,0]": 1.0,
    "x[0,6,0,0]": 1.0,
    "x[3,11,1,0]": 1.0,
    "x[7,14,1,0]": 1.0,
    "x[9,21,1,0]": 1.0,
    "x[11,7,1,0]": 1.0,
    "x[14,9,1,0]": 1.0,
    "x[16,18,1,0]": 1.0,
    "x[18,3,1,0]": 1.0,
    "x[0,16,1,0]": 1.0
  },
  "y": {
    "y[13,21,0,0]": 1.0,
    "y[0,13,0,0]": 1.0,
    "y[8,21,0,1]": 1.0,
    "y[0,8,0,1]": 1.0,
    "y[1,21,0,2]": 1.0,
    "y[0,1,0,2]": 1.0,
    "y[5,21,0,3]": 1.0,
    "y[0,5,0,3]": 1.0,
    "y[2,21,0,4]": 1.0,
    "y[0,2,0,4]": 1.0,
    "y[19,21,0,5]": 1.0,
    "y[0,19,0,5]": 1.0,
    "y[4,17,1,0]": 1.0,
    "y[17,21,1,0]": 1.0,
    "y[0,4,1,0]": 1.0
  },
  "T1": {},
  "T": {
    "T[0,0]": 11.661047971362033,
    "T[0,1]": 8.537380720534097,
    "T[0,2]": 9.823087120422683,
    "T[0,3]": 9.476878346829437,
    "T[0,4]": 7.023772274213912,
    "T[0,5]": 2.417484388581113,
    "T[1,0]": 10.716817593951045
  },
  "A": {
    "A[0]": 67.35519780689316,
    "A[1]": 65.57117306043494
  },
  "B": {
    "B[0]": 48.939650821943275,
    "B[1]": 10.716817593951045
  },
  "L_w": 60,
  "L_d": 11.666666667,
  "staff_velocity": 0.583334783,
  "drone_velocity": 1.166669566,
  "M_t": 2800,
  "M_d": 5,
  "num_staff": 2,
  "num_drone": 2,
  "use_ejection": true,
  "use_inter": true,
  "use_intra": true,
  "solver": "CPLEX",
  "solver_log": false,
  "num_worker": -1,
  "time_limit": 36000,
  "model_params": {},
  "Optimal": 67.35519780689316,
  "Solve_Time": 36447.69232392311,
  "num_constraint": 27617,
  "Number of variables": 27185,
  "status": "FEASIBLE"
}