{
  "x": {
    "x[2,11,0,0]": 1.0,
    "x[3,5,0,0]": 1.0,
    "x[4,2,0,0]": 1.0,
    "x[5,4,0,0]": 1.0,
    "x[7,3,0,0]": 1.0,
    "x[0,7,0,0]": 1.0
  },
  "y": {
    "y[8,11,0,0]": 1.0,
    "y[0,8,0,0]": 1.0,
    "y[10,11,0,1]": 1.0,
    "y[0,10,0,1]": 1.0,
    "y[1,6,0,2]": 1.0,
    "y[6,11,0,2]": 1.0,
    "y[9,1,0,2]": 1.0,
    "y[0,9,0,2]": 1.0
  },
  "T1": {},
  "T": {
    "T[0,0]": 3.6764896138290526,
    "T[0,1]": 4.936628873138386,
    "T[0,2]": 5.604649892321185
  },
  "A": {
    "A[0]": 20.215774727358017
  },
  "B": {
    "B[0]": 14.217768379288625
  },
  "L_w": 60,
  "L_d": 11.666666667,
  "staff_velocity": 0.583334783,
  "drone_velocity": 1.166669566,
  "M_t": 1400,
  "M_d": 5,
  "num_staff": 1,
  "num_drone": 1,
  "use_ejection": true,
  "use_inter": true,
  "use_intra": true,
  "solver": "CPLEX",
  "solver_log": false,
  "num_worker": -1,
  "time_limit": 36000,
  "model_params": {},
  "Optimal": 20.215774727358014,
  "Solve_Time": 0.330965518951416,
  "num_constraint": 1555,
  "Number of variables": 1455,
  "status": "OPTIMAL"
}